Date,State,TotalSamples,Positive,Negative
17-04-2020,Andaman and Nicobar Islands,1403,12,1210
24-04-2020,Andaman and Nicobar Islands,2679,27,
27-04-2020,Andaman and Nicobar Islands,2848,33,
01-05-2020,Andaman and Nicobar Islands,3754,33,
16-05-2020,Andaman and Nicobar Islands,6677,33,
19-05-2020,Andaman and Nicobar Islands,6965,33,
20-05-2020,Andaman and Nicobar Islands,7082,33,
21-05-2020,Andaman and Nicobar Islands,7167,33,
22-05-2020,Andaman and Nicobar Islands,7263,33,
23-05-2020,Andaman and Nicobar Islands,7327,33,
24-05-2020,Andaman and Nicobar Islands,7327,33,
25-05-2020,Andaman and Nicobar Islands,7363,33,
26-05-2020,Andaman and Nicobar Islands,7448,33,
27-05-2020,Andaman and Nicobar Islands,7499,33,
28-05-2020,Andaman and Nicobar Islands,7519,33,
29-05-2020,Andaman and Nicobar Islands,7567,33,
30-05-2020,Andaman and Nicobar Islands,7567,33,
31-05-2020,Andaman and Nicobar Islands,7706,33,
01-06-2020,Andaman and Nicobar Islands,7805,33,
02-06-2020,Andaman and Nicobar Islands,8086,33,
03-06-2020,Andaman and Nicobar Islands,8295,33,
04-06-2020,Andaman and Nicobar Islands,8413,33,
05-06-2020,Andaman and Nicobar Islands,8694,33,
06-06-2020,Andaman and Nicobar Islands,9037,33,
07-06-2020,Andaman and Nicobar Islands,9242,33,
08-06-2020,Andaman and Nicobar Islands,9341,33,
09-06-2020,Andaman and Nicobar Islands,9859,33,
10-06-2020,Andaman and Nicobar Islands,10010,35,
11-06-2020,Andaman and Nicobar Islands,10226,38,
12-06-2020,Andaman and Nicobar Islands,10697,38,
13-06-2020,Andaman and Nicobar Islands,10955,38,
14-06-2020,Andaman and Nicobar Islands,11356,38,
15-06-2020,Andaman and Nicobar Islands,11518,41,
16-06-2020,Andaman and Nicobar Islands,11809,44,
17-06-2020,Andaman and Nicobar Islands,12239,44,
18-06-2020,Andaman and Nicobar Islands,12622,45,
19-06-2020,Andaman and Nicobar Islands,12930,47,
20-06-2020,Andaman and Nicobar Islands,13320,47,
21-06-2020,Andaman and Nicobar Islands,13434,48,
22-06-2020,Andaman and Nicobar Islands,13511,48,
23-06-2020,Andaman and Nicobar Islands,13723,50,
24-06-2020,Andaman and Nicobar Islands,13994,56,
25-06-2020,Andaman and Nicobar Islands,14277,59,
26-06-2020,Andaman and Nicobar Islands,14583,72,
02-04-2020,Andhra Pradesh,1800,132,1175
10-04-2020,Andhra Pradesh,6374,365,6009
11-04-2020,Andhra Pradesh,6958,381,6577
12-04-2020,Andhra Pradesh,6958,405,6553
13-04-2020,Andhra Pradesh,8755,432,8323
14-04-2020,Andhra Pradesh,10505,473,10032
15-04-2020,Andhra Pradesh,11613,525,11088
16-04-2020,Andhra Pradesh,20235,534,19701
17-04-2020,Andhra Pradesh,20235,572,
18-04-2020,Andhra Pradesh,21450,603,20487
19-04-2020,Andhra Pradesh,26958,647,26311
20-04-2020,Andhra Pradesh,30733,722,30011
21-04-2020,Andhra Pradesh,35755,757,34998
22-04-2020,Andhra Pradesh,41512,813,40699
23-04-2020,Andhra Pradesh,48032,893,47139
24-04-2020,Andhra Pradesh,54338,955,53383
25-04-2020,Andhra Pradesh,61266,1016,60250
26-04-2020,Andhra Pradesh,68034,1097,66937
27-04-2020,Andhra Pradesh,74551,1177,73374
28-04-2020,Andhra Pradesh,80334,1259,79075
29-04-2020,Andhra Pradesh,88061,1332,86729
30-04-2020,Andhra Pradesh,94558,1403,93155
01-05-2020,Andhra Pradesh,102460,1463,100997
02-05-2020,Andhra Pradesh,108403,1525,106878
03-05-2020,Andhra Pradesh,114937,1583,113354
04-05-2020,Andhra Pradesh,125229,1650,123579
05-05-2020,Andhra Pradesh,133492,1717,131775
06-05-2020,Andhra Pradesh,141274,1777,139497
07-05-2020,Andhra Pradesh,149361,1833,147528
08-05-2020,Andhra Pradesh,156681,1887,154794
09-05-2020,Andhra Pradesh,165069,1930,163139
10-05-2020,Andhra Pradesh,173735,1980,171755
11-05-2020,Andhra Pradesh,181144,2018,179126
12-05-2020,Andhra Pradesh,191874,2051,189823
13-05-2020,Andhra Pradesh,201196,2137,199059
14-05-2020,Andhra Pradesh,210452,2100,208247
15-05-2020,Andhra Pradesh,219490,2157,217183
17-05-2020,Andhra Pradesh,238998,2230,236618
18-05-2020,Andhra Pradesh,248771,2282,246279
19-05-2020,Andhra Pradesh,258450,2339,255961
20-05-2020,Andhra Pradesh,267612,2407,265052
21-05-2020,Andhra Pradesh,275704,2452,273099
22-05-2020,Andhra Pradesh,284119,2514,281452
23-05-2020,Andhra Pradesh,292969,2561,290255
24-05-2020,Andhra Pradesh,304326,2627,301529
25-05-2020,Andhra Pradesh,314566,2671,311680
26-05-2020,Andhra Pradesh,322714,2719,319731
27-05-2020,Andhra Pradesh,332378,2787,329261
28-05-2020,Andhra Pradesh,342236,2841,338991
29-05-2020,Andhra Pradesh,353874,2874,350544
30-05-2020,Andhra Pradesh,363378,2944,359917
31-05-2020,Andhra Pradesh,372748,3045,369177
01-06-2020,Andhra Pradesh,383315,3118,379639
02-06-2020,Andhra Pradesh,395681,3200,391890
03-06-2020,Andhra Pradesh,403747,3279,399776
04-06-2020,Andhra Pradesh,413733,3377,409621
05-06-2020,Andhra Pradesh,423564,3427,419314
06-06-2020,Andhra Pradesh,436335,3588,431875
07-06-2020,Andhra Pradesh,454030,3718,449371
08-06-2020,Andhra Pradesh,468276,3843,463463
09-06-2020,Andhra Pradesh,483361,3990,478332
10-06-2020,Andhra Pradesh,498716,4126,493469
11-06-2020,Andhra Pradesh,510318,4261,504889
12-06-2020,Andhra Pradesh,522093,4402,516457
13-06-2020,Andhra Pradesh,536570,4588,530712
14-06-2020,Andhra Pradesh,552202,4841,546050
15-06-2020,Andhra Pradesh,567375,5087,560919
16-06-2020,Andhra Pradesh,583286,5280,576566
17-06-2020,Andhra Pradesh,598474,5555,591403
18-06-2020,Andhra Pradesh,612397,5854,604901
19-06-2020,Andhra Pradesh,630006,7961,622045
20-06-2020,Andhra Pradesh,652377,8452,643925
21-06-2020,Andhra Pradesh,676828,8929,667899
22-06-2020,Andhra Pradesh,693548,9372,684176
23-06-2020,Andhra Pradesh,714187,9834,704353
24-06-2020,Andhra Pradesh,750234,10331,739903
25-06-2020,Andhra Pradesh,769319,10884,758435
26-06-2020,Andhra Pradesh,791624,11489,780135
27-06-2020,Andhra Pradesh,816082,12285,803797
28-06-2020,Andhra Pradesh,841860,13098,828762
09-04-2020,Arunachal Pradesh,206,1,185
14-04-2020,Arunachal Pradesh,280,1,250
17-04-2020,Arunachal Pradesh,363,1,338
18-04-2020,Arunachal Pradesh,389,1,358
20-04-2020,Arunachal Pradesh,439,1,405
21-04-2020,Arunachal Pradesh,454,1,433
22-04-2020,Arunachal Pradesh,496,2,441
24-04-2020,Arunachal Pradesh,526,2,508
26-04-2020,Arunachal Pradesh,568,2,529
27-04-2020,Arunachal Pradesh,584,2,566
28-04-2020,Arunachal Pradesh,610,2,581
29-04-2020,Arunachal Pradesh,662,2,595
30-04-2020,Arunachal Pradesh,694,2,656
01-05-2020,Arunachal Pradesh,724,2,692
03-05-2020,Arunachal Pradesh,810,2,761
04-05-2020,Arunachal Pradesh,869,2,762
05-05-2020,Arunachal Pradesh,970,2,814
06-05-2020,Arunachal Pradesh,1039,2,857
07-05-2020,Arunachal Pradesh,1144,2,952
08-05-2020,Arunachal Pradesh,1354,2,1015
09-05-2020,Arunachal Pradesh,1597,2,1266
10-05-2020,Arunachal Pradesh,1823,2,1363
11-05-2020,Arunachal Pradesh,2078,2,1538
12-05-2020,Arunachal Pradesh,2257,2,1798
13-05-2020,Arunachal Pradesh,2483,2,1902
14-05-2020,Arunachal Pradesh,2677,2,2233
15-05-2020,Arunachal Pradesh,2942,2,2546
16-05-2020,Arunachal Pradesh,3163,2,2861
17-05-2020,Arunachal Pradesh,3349,2,2966
18-05-2020,Arunachal Pradesh,3662,2,3166
19-05-2020,Arunachal Pradesh,3941,2,3392
20-05-2020,Arunachal Pradesh,4157,2,3710
21-05-2020,Arunachal Pradesh,4438,2,3963
22-05-2020,Arunachal Pradesh,4844,2,4211
23-05-2020,Arunachal Pradesh,5206,2,4340
24-05-2020,Arunachal Pradesh,5428,2,4552
25-05-2020,Arunachal Pradesh,5997,2,4941
26-05-2020,Arunachal Pradesh,6319,2,5083
27-05-2020,Arunachal Pradesh,6436,2,5405
28-05-2020,Arunachal Pradesh,6984,3,5677
29-05-2020,Arunachal Pradesh,7488,3,6268
30-05-2020,Arunachal Pradesh,8017,4,6675
31-05-2020,Arunachal Pradesh,8283,4,7012
01-06-2020,Arunachal Pradesh,8768,22,7528
02-06-2020,Arunachal Pradesh,9079,28,7806
03-06-2020,Arunachal Pradesh,9551,38,7927
04-06-2020,Arunachal Pradesh,10025,43,8552
05-06-2020,Arunachal Pradesh,10790,46,8877
06-06-2020,Arunachal Pradesh,11261,49,9350
07-06-2020,Arunachal Pradesh,11516,51,9921
08-06-2020,Arunachal Pradesh,12012,57,10376
09-06-2020,Arunachal Pradesh,12455,57,10642
10-06-2020,Arunachal Pradesh,13035,61,11420
11-06-2020,Arunachal Pradesh,13479,67,11754
12-06-2020,Arunachal Pradesh,14047,87,12119
13-06-2020,Arunachal Pradesh,14518,88,12817
15-06-2020,Arunachal Pradesh,15453,95,13610
16-06-2020,Arunachal Pradesh,16158,99,14339
17-06-2020,Arunachal Pradesh,16630,103,14698
18-06-2020,Arunachal Pradesh,16630,103,14698
19-06-2020,Arunachal Pradesh,18008,135,14698
20-06-2020,Arunachal Pradesh,18521,135,16827
21-06-2020,Arunachal Pradesh,19154,139,17100
22-06-2020,Arunachal Pradesh,19799,148,18123
23-06-2020,Arunachal Pradesh,20398,158,18571
24-06-2020,Arunachal Pradesh,20938,160,18979
25-06-2020,Arunachal Pradesh,21274,172,19298
26-06-2020,Arunachal Pradesh,21890,174,19877
27-06-2020,Arunachal Pradesh,22623,177,20209
28-06-2020,Arunachal Pradesh,23011,182,20673
02-04-2020,Assam,962,16,819
10-04-2020,Assam,2863,29,2685
11-04-2020,Assam,3011,29,2842
12-04-2020,Assam,3138,29,2973
14-04-2020,Assam,3491,31,3267
15-04-2020,Assam,3613,32,3492
16-04-2020,Assam,4108,34,3803
17-04-2020,Assam,4236,34,4024
18-04-2020,Assam,4400,34,4199
19-04-2020,Assam,4865,34,4584
20-04-2020,Assam,5112,34,4937
21-04-2020,Assam,5514,34,5245
24-04-2020,Assam,6680,35,6391
25-04-2020,Assam,7159,35,6781
26-04-2020,Assam,7823,35,7474
27-04-2020,Assam,8117,35,7985
29-04-2020,Assam,9520,37,8771
02-05-2020,Assam,11623,42,10499
04-05-2020,Assam,12775,42,11764
05-05-2020,Assam,13442,43,12533
09-05-2020,Assam,16167,59,15076
10-05-2020,Assam,18002,62,16236
11-05-2020,Assam,19589,64,17813
12-05-2020,Assam,21791,64,19211
14-05-2020,Assam,25824,86,23178
15-05-2020,Assam,28178,86,25431
16-05-2020,Assam,31276,91,28332
17-05-2020,Assam,34376,97,32035
18-05-2020,Assam,37898,106,35159
19-05-2020,Assam,41116,141,38138
20-05-2020,Assam,47084,170,42729
21-05-2020,Assam,51730,203,46442
22-05-2020,Assam,55791,259,50450
23-05-2020,Assam,60405,329,54185
24-05-2020,Assam,66444,378,58972
25-05-2020,Assam,70029,526,62244
26-05-2020,Assam,72654,616,66562
29-05-2020,Assam,92390,1024,84933
30-05-2020,Assam,101257,1185,91248
31-05-2020,Assam,109097,1272,101006
02-06-2020,Assam,120375,1513,111229
03-06-2020,Assam,126726,1672,117650
04-06-2020,Assam,133029,1988,122618
06-06-2020,Assam,146605,2397,136154
07-06-2020,Assam,153326,2565,142192
09-06-2020,Assam,169842,2937,159760
11-06-2020,Assam,181108,3319,171070
12-06-2020,Assam,188090,3498,177989
15-06-2020,Assam,217088,4158,
16-06-2020,Assam,227109,4319,
17-06-2020,Assam,235214,4605,
18-06-2020,Assam,246590,4861,
19-06-2020,Assam,258797,4904,
20-06-2020,Assam,273047,5006,
21-06-2020,Assam,288306,5388,
22-06-2020,Assam,301557,5586,
23-06-2020,Assam,323258,5853,
24-06-2020,Assam,336091,6282,
25-06-2020,Assam,351753,6646,
26-06-2020,Assam,362713,6646,
27-06-2020,Assam,374519,6919,
28-06-2020,Assam,385299,7165,
05-04-2020,Bihar,3037,32,2299
08-04-2020,Bihar,4596,38,
09-04-2020,Bihar,4991,43,
10-04-2020,Bihar,5457,60,
11-04-2020,Bihar,6250,61,
12-04-2020,Bihar,6703,64,
13-04-2020,Bihar,7263,65,
14-04-2020,Bihar,7727,62,
15-04-2020,Bihar,8263,66,
16-04-2020,Bihar,8846,72,
17-04-2020,Bihar,9486,83,
18-04-2020,Bihar,10130,85,
19-04-2020,Bihar,10745,92,
20-04-2020,Bihar,11319,96,
21-04-2020,Bihar,11999,115,
22-04-2020,Bihar,12978,136,
23-04-2020,Bihar,13785,148,
24-04-2020,Bihar,14924,176,
25-04-2020,Bihar,15885,238,
26-04-2020,Bihar,17041,255,
27-04-2020,Bihar,18179,328,
28-04-2020,Bihar,19790,346,
29-04-2020,Bihar,21180,383,
30-04-2020,Bihar,22672,409,
01-05-2020,Bihar,24118,466,
02-05-2020,Bihar,25724,476,
03-05-2020,Bihar,26951,485,
04-05-2020,Bihar,28345,525,
05-05-2020,Bihar,28791,529,
06-05-2020,Bihar,29328,539,
07-05-2020,Bihar,29841,547,
08-05-2020,Bihar,30320,564,
09-05-2020,Bihar,31552,585,
10-05-2020,Bihar,32670,653,
11-05-2020,Bihar,34662,714,
12-05-2020,Bihar,37430,796,
13-05-2020,Bihar,39149,909,
14-05-2020,Bihar,40782,970,
15-05-2020,Bihar,42645,1010,
16-05-2020,Bihar,44340,1083,
17-05-2020,Bihar,45729,1193,
18-05-2020,Bihar,46996,1391,
19-05-2020,Bihar,50563,1495,
20-05-2020,Bihar,53361,1607,
21-05-2020,Bihar,55692,1881,
22-05-2020,Bihar,58481,2098,
23-05-2020,Bihar,61220,2344,
24-05-2020,Bihar,63741,2507,
27-05-2020,Bihar,68262,3010,
28-05-2020,Bihar,70275,3106,
29-05-2020,Bihar,72256,3276,
30-05-2020,Bihar,73929,3511,
31-05-2020,Bihar,75737,3692,
01-06-2020,Bihar,78090,3872,
02-06-2020,Bihar,81413,4049,
03-06-2020,Bihar,84729,4273,
04-06-2020,Bihar,88313,4420,
05-06-2020,Bihar,91903,4551,
06-06-2020,Bihar,95473,4745,
07-06-2020,Bihar,99108,4972,
08-06-2020,Bihar,102318,5176,
09-06-2020,Bihar,105588,5364,
10-06-2020,Bihar,109483,5583,
11-06-2020,Bihar,113225,5807,
12-06-2020,Bihar,116671,6043,
13-06-2020,Bihar,120086,6183,
14-06-2020,Bihar,123629,6355,
15-06-2020,Bihar,127126,6581,
16-06-2020,Bihar,130783,6736,
17-06-2020,Bihar,134402,6889,
18-06-2020,Bihar,139584,6993,
19-06-2020,Bihar,145562,7178,
20-06-2020,Bihar,151148,7380,
21-06-2020,Bihar,156926,7602,
22-06-2020,Bihar,163476,7808,
23-06-2020,Bihar,169401,7974,
24-06-2020,Bihar,175103,8180,
25-06-2020,Bihar,181737,8381,
26-06-2020,Bihar,189643,8611,
27-06-2020,Bihar,198385,8859,
28-06-2020,Bihar,205832,9117,
02-04-2020,Chandigarh,124,18,98
08-04-2020,Chandigarh,184,18,162
10-04-2020,Chandigarh,223,19,199
11-04-2020,Chandigarh,264,19,223
12-04-2020,Chandigarh,279,21,247
13-04-2020,Chandigarh,296,21,263
14-04-2020,Chandigarh,309,21,285
15-04-2020,Chandigarh,317,21,293
16-04-2020,Chandigarh,337,21,315
17-04-2020,Chandigarh,358,21,335
18-04-2020,Chandigarh,381,23,348
19-04-2020,Chandigarh,430,26,388
20-04-2020,Chandigarh,453,26,417
21-04-2020,Chandigarh,497,27,445
22-04-2020,Chandigarh,529,27,492
23-04-2020,Chandigarh,599,27,557
24-04-2020,Chandigarh,638,27,603
25-04-2020,Chandigarh,734,28,668
26-04-2020,Chandigarh,756,30,677
27-04-2020,Chandigarh,843,40,777
28-04-2020,Chandigarh,924,56,857
29-04-2020,Chandigarh,1012,67,922
30-04-2020,Chandigarh,1147,74,1022
01-05-2020,Chandigarh,1252,88,1131
02-05-2020,Chandigarh,1462,94,1339
03-05-2020,Chandigarh,1616,97,1491
04-05-2020,Chandigarh,1678,102,1545
05-05-2020,Chandigarh,1713,115,1576
06-05-2020,Chandigarh,1785,120,1641
07-05-2020,Chandigarh,1845,129,1698
08-05-2020,Chandigarh,1913,146,1748
09-05-2020,Chandigarh,2055,169,1871
10-05-2020,Chandigarh,2142,173,1947
11-05-2020,Chandigarh,2177,173,1978
12-05-2020,Chandigarh,2276,187,2069
13-05-2020,Chandigarh,2420,189,2206
14-05-2020,Chandigarh,2505,191,2299
15-05-2020,Chandigarh,2586,191,2383
16-05-2020,Chandigarh,2718,191,2513
17-05-2020,Chandigarh,2812,191,2604
18-05-2020,Chandigarh,2892,196,2663
19-05-2020,Chandigarh,3031,199,2783
21-05-2020,Chandigarh,3369,216,3125
22-05-2020,Chandigarh,3531,219,3234
23-05-2020,Chandigarh,3749,225,3390
24-05-2020,Chandigarh,3904,238,3514
25-05-2020,Chandigarh,4089,266,3695
26-05-2020,Chandigarh,4207,278,3828
27-05-2020,Chandigarh,4332,279,3991
28-05-2020,Chandigarh,4467,289,4138
29-05-2020,Chandigarh,4543,289,4222
30-05-2020,Chandigarh,4654,289,4342
31-05-2020,Chandigarh,4785,293,4478
01-06-2020,Chandigarh,4816,294,4495
02-06-2020,Chandigarh,4902,301,4573
03-06-2020,Chandigarh,4977,301,4658
04-06-2020,Chandigarh,5059,302,4735
05-06-2020,Chandigarh,5121,309,4793
06-06-2020,Chandigarh,5237,309,4906
07-06-2020,Chandigarh,5312,314,4977
08-06-2020,Chandigarh,5385,318,5040
10-06-2020,Chandigarh,5532,328,5182
11-06-2020,Chandigarh,5636,332,5267
12-06-2020,Chandigarh,5708,334,5342
13-06-2020,Chandigarh,5839,345,5459
14-06-2020,Chandigarh,5937,350,5563
15-06-2020,Chandigarh,6027,357,5643
16-06-2020,Chandigarh,6115,358,5727
17-06-2020,Chandigarh,6233,368,5830
18-06-2020,Chandigarh,6315,373,5912
19-06-2020,Chandigarh,6438,375,6032
20-06-2020,Chandigarh,6578,390,6162
21-06-2020,Chandigarh,6677,404,6243
22-06-2020,Chandigarh,6745,410,6301
23-06-2020,Chandigarh,6840,415,6390
24-06-2020,Chandigarh,6981,420,6528
25-06-2020,Chandigarh,7072,423,6618
26-06-2020,Chandigarh,7201,424,6746
27-06-2020,Chandigarh,7342,427,6883
28-06-2020,Chandigarh,7455,429,6992
02-04-2020,Chhattisgarh,1232,9,921
10-04-2020,Chhattisgarh,3473,18,3322
11-04-2020,Chhattisgarh,3858,18,3503
12-04-2020,Chhattisgarh,3945,31,3856
13-04-2020,Chhattisgarh,4377,31,3969
14-04-2020,Chhattisgarh,4812,33,4319
15-04-2020,Chhattisgarh,5122,33,4878
16-04-2020,Chhattisgarh,5519,33,5168
17-04-2020,Chhattisgarh,5776,36,5484
18-04-2020,Chhattisgarh,5776,36,5484
19-04-2020,Chhattisgarh,6675,36,6086
20-04-2020,Chhattisgarh,7601,36,7029
21-04-2020,Chhattisgarh,8272,36,7555
22-04-2020,Chhattisgarh,9220,36,8296
23-04-2020,Chhattisgarh,10346,36,9206
24-04-2020,Chhattisgarh,11386,36,10213
25-04-2020,Chhattisgarh,12596,37,11168
26-04-2020,Chhattisgarh,13786,37,12406
27-04-2020,Chhattisgarh,14987,37,13882
28-04-2020,Chhattisgarh,15737,38,14953
29-04-2020,Chhattisgarh,16546,38,15658
30-04-2020,Chhattisgarh,17541,40,16602
01-05-2020,Chhattisgarh,18039,43,17199
03-05-2020,Chhattisgarh,19902,57,18848
05-05-2020,Chhattisgarh,21323,58,20300
06-05-2020,Chhattisgarh,22188,59,20873
08-05-2020,Chhattisgarh,23629,59,22509
09-05-2020,Chhattisgarh,24506,59,23326
10-05-2020,Chhattisgarh,25282,59,24186
12-05-2020,Chhattisgarh,27339,59,25741
13-05-2020,Chhattisgarh,28837,59,27012
14-05-2020,Chhattisgarh,29697,59,28234
15-05-2020,Chhattisgarh,31341,66,29812
16-05-2020,Chhattisgarh,32678,67,31275
18-05-2020,Chhattisgarh,36606,93,34656
19-05-2020,Chhattisgarh,39010,100,36586
21-05-2020,Chhattisgarh,45522,128,42618
22-05-2020,Chhattisgarh,48116,172,45022
23-05-2020,Chhattisgarh,49763,214,46894
25-05-2020,Chhattisgarh,55022,292,52598
26-05-2020,Chhattisgarh,57479,360,55539
27-05-2020,Chhattisgarh,59320,364,57283
28-05-2020,Chhattisgarh,61771,398,59585
29-05-2020,Chhattisgarh,63992,415,62983
30-05-2020,Chhattisgarh,66417,447,64762
31-05-2020,Chhattisgarh,69152,492,67268
01-06-2020,Chhattisgarh,70726,539,69361
02-06-2020,Chhattisgarh,73198,556,71218
03-06-2020,Chhattisgarh,76446,626,73706
04-06-2020,Chhattisgarh,78971,756,75519
05-06-2020,Chhattisgarh,81773,863,78134
06-06-2020,Chhattisgarh,85346,923,80477
07-06-2020,Chhattisgarh,88896,1073,84344
08-06-2020,Chhattisgarh,92598,1160,86719
09-06-2020,Chhattisgarh,93059,1211,89914
10-06-2020,Chhattisgarh,94576,1262,92049
11-06-2020,Chhattisgarh,96230,1398,93903
12-06-2020,Chhattisgarh,98603,1429,95965
13-06-2020,Chhattisgarh,101554,1512,
14-06-2020,Chhattisgarh,103895,1549,
15-06-2020,Chhattisgarh,107172,1715,
16-06-2020,Chhattisgarh,110062,1784,
17-06-2020,Chhattisgarh,113613,1864,
18-06-2020,Chhattisgarh,116329,1946,
19-06-2020,Chhattisgarh,120523,2018,115197
20-06-2020,Chhattisgarh,123983,2076,
21-06-2020,Chhattisgarh,126246,2273,121044
22-06-2020,Chhattisgarh,129731,2302,124679
23-06-2020,Chhattisgarh,133753,2356,127831
24-06-2020,Chhattisgarh,137400,2419,132332
25-06-2020,Chhattisgarh,142090,2456,
26-06-2020,Chhattisgarh,144828,2545,
27-06-2020,Chhattisgarh,152874,2602,
28-06-2020,Chhattisgarh,154526,2694,
09-04-2020,Dadra and Nagar Haveli and Daman and Diu,80,0,80
10-04-2020,Dadra and Nagar Haveli and Daman and Diu,130,0,130
11-04-2020,Dadra and Nagar Haveli and Daman and Diu,211,0,211
15-04-2020,Dadra and Nagar Haveli and Daman and Diu,356,0,356
16-04-2020,Dadra and Nagar Haveli and Daman and Diu,382,0,382
21-04-2020,Dadra and Nagar Haveli and Daman and Diu,474,0,474
22-04-2020,Dadra and Nagar Haveli and Daman and Diu,674,0,674
23-04-2020,Dadra and Nagar Haveli and Daman and Diu,913,0,913
25-04-2020,Dadra and Nagar Haveli and Daman and Diu,1386,0,1386
26-04-2020,Dadra and Nagar Haveli and Daman and Diu,1901,0,1901
27-04-2020,Dadra and Nagar Haveli and Daman and Diu,2379,0,2379
29-04-2020,Dadra and Nagar Haveli and Daman and Diu,2921,0,2921
30-04-2020,Dadra and Nagar Haveli and Daman and Diu,3464,0,3464
01-05-2020,Dadra and Nagar Haveli and Daman and Diu,4003,0,4003
03-05-2020,Dadra and Nagar Haveli and Daman and Diu,4328,0,4328
04-05-2020,Dadra and Nagar Haveli and Daman and Diu,4434,0,4434
05-05-2020,Dadra and Nagar Haveli and Daman and Diu,4781,1,4780
06-05-2020,Dadra and Nagar Haveli and Daman and Diu,4967,1,4966
07-05-2020,Dadra and Nagar Haveli and Daman and Diu,5272,1,5271
08-05-2020,Dadra and Nagar Haveli and Daman and Diu,5430,1,5429
10-05-2020,Dadra and Nagar Haveli and Daman and Diu,5581,1,5580
11-05-2020,Dadra and Nagar Haveli and Daman and Diu,5763,1,5762
12-05-2020,Dadra and Nagar Haveli and Daman and Diu,5977,1,5976
13-05-2020,Dadra and Nagar Haveli and Daman and Diu,6294,1,6293
14-05-2020,Dadra and Nagar Haveli and Daman and Diu,6554,1,6553
15-05-2020,Dadra and Nagar Haveli and Daman and Diu,6916,1,6915
17-05-2020,Dadra and Nagar Haveli and Daman and Diu,7157,1,7156
18-05-2020,Dadra and Nagar Haveli and Daman and Diu,7571,1,7570
19-05-2020,Dadra and Nagar Haveli and Daman and Diu,7829,1,7828
20-05-2020,Dadra and Nagar Haveli and Daman and Diu,8137,1,8136
21-05-2020,Dadra and Nagar Haveli and Daman and Diu,8456,1,8455
22-05-2020,Dadra and Nagar Haveli and Daman and Diu,8979,1,8978
23-05-2020,Dadra and Nagar Haveli and Daman and Diu,9298,2,9296
24-05-2020,Dadra and Nagar Haveli and Daman and Diu,9678,2,9676
25-05-2020,Dadra and Nagar Haveli and Daman and Diu,10085,2,10083
26-05-2020,Dadra and Nagar Haveli and Daman and Diu,10388,2,10386
27-05-2020,Dadra and Nagar Haveli and Daman and Diu,10872,2,10870
28-05-2020,Dadra and Nagar Haveli and Daman and Diu,11177,2,11175
29-05-2020,Dadra and Nagar Haveli and Daman and Diu,11477,2,11475
01-06-2020,Dadra and Nagar Haveli and Daman and Diu,11693,3,11690
03-06-2020,Dadra and Nagar Haveli and Daman and Diu,12064,12,12052
04-06-2020,Dadra and Nagar Haveli and Daman and Diu,12375,14,12361
05-06-2020,Dadra and Nagar Haveli and Daman and Diu,13667,14,13653
06-06-2020,Dadra and Nagar Haveli and Daman and Diu,14780,19,14761
07-06-2020,Dadra and Nagar Haveli and Daman and Diu,15546,20,14926
08-06-2020,Dadra and Nagar Haveli and Daman and Diu,16277,22,15655
10-06-2020,Dadra and Nagar Haveli and Daman and Diu,17179,27,16552
13-06-2020,Dadra and Nagar Haveli and Daman and Diu,17649,28,17021
14-06-2020,Dadra and Nagar Haveli and Daman and Diu,18445,31,17813
15-06-2020,Dadra and Nagar Haveli and Daman and Diu,23835,38,23072
16-06-2020,Dadra and Nagar Haveli and Daman and Diu,24492,51,23695
17-06-2020,Dadra and Nagar Haveli and Daman and Diu,25575,58,24650
18-06-2020,Dadra and Nagar Haveli and Daman and Diu,26752,69,25461
20-06-2020,Dadra and Nagar Haveli and Daman and Diu,27617,93,26901
21-06-2020,Dadra and Nagar Haveli and Daman and Diu,27839,97,27241
22-06-2020,Dadra and Nagar Haveli and Daman and Diu,28364,112,27572
23-06-2020,Dadra and Nagar Haveli and Daman and Diu,29072,121,28096
24-06-2020,Dadra and Nagar Haveli and Daman and Diu,29403,134,28697
25-06-2020,Dadra and Nagar Haveli and Daman and Diu,30188,154,29015
26-06-2020,Dadra and Nagar Haveli and Daman and Diu,30768,169,29580
01-04-2020,Delhi,2621,,
07-04-2020,Delhi,9041,576,7308
09-04-2020,Delhi,9968,720,8643
10-04-2020,Delhi,11061,903,9662
11-04-2020,Delhi,11709,1069,10218
12-04-2020,Delhi,14036,1154,11748
13-04-2020,Delhi,15032,1510,12283
14-04-2020,Delhi,16282,1561,13748
15-04-2020,Delhi,16605,1578,13865
16-04-2020,Delhi,18784,1640,14692
17-04-2020,Delhi,21409,1707,16899
18-04-2020,Delhi,22283,1893,17449
19-04-2020,Delhi,24387,2003,19393
20-04-2020,Delhi,25900,2081,20712
21-04-2020,Delhi,26627,2156,21810
22-04-2020,Delhi,28309,2248,22713
23-04-2020,Delhi,30560,2375,24538
24-04-2020,Delhi,33672,2514,26552
25-04-2020,Delhi,35519,2625,28693
26-04-2020,Delhi,37613,2918,31919
27-04-2020,Delhi,39911,3108,34145
28-04-2020,Delhi,43370,3314,36195
29-04-2020,Delhi,47225,3439,39920
02-05-2020,Delhi,58210,4122,
03-05-2020,Delhi,60246,4549,
04-05-2020,Delhi,64108,4898,
05-05-2020,Delhi,67852,5104,
06-05-2020,Delhi,71934,5532,
07-05-2020,Delhi,77234,5980,
08-05-2020,Delhi,81367,6318,
09-05-2020,Delhi,84226,6542,
10-05-2020,Delhi,93810,6923,
11-05-2020,Delhi,97678,7233,
12-05-2020,Delhi,106109,7639,
13-05-2020,Delhi,113345,7998,
14-05-2020,Delhi,119736,8470,
15-05-2020,Delhi,125189,8895,
16-05-2020,Delhi,130845,9333,
17-05-2020,Delhi,135791,9755,
18-05-2020,Delhi,139727,10054,
19-05-2020,Delhi,145854,10554,
20-05-2020,Delhi,150282,11088,
21-05-2020,Delhi,154385,11659,
22-05-2020,Delhi,160255,12319,
23-05-2020,Delhi,165047,12910,
24-05-2020,Delhi,169873,13418,
25-05-2020,Delhi,174469,14053,
26-05-2020,Delhi,178579,14465,
27-05-2020,Delhi,184362,15257,
28-05-2020,Delhi,191977,16281,
29-05-2020,Delhi,199626,17386,
30-05-2020,Delhi,206739,18549,
31-05-2020,Delhi,212784,19844,
01-06-2020,Delhi,217537,20834,
02-06-2020,Delhi,223607,22132,
03-06-2020,Delhi,230145,23645,
04-06-2020,Delhi,236506,25004,
05-06-2020,Delhi,241693,26334,
06-06-2020,Delhi,246873,27654,
07-06-2020,Delhi,251915,28936,
08-06-2020,Delhi,255615,29943,
09-06-2020,Delhi,261079,31309,
10-06-2020,Delhi,266156,32810,
11-06-2020,Delhi,271516,34687,
12-06-2020,Delhi,277463,36824,
13-06-2020,Delhi,283239,38958,
14-06-2020,Delhi,290592,41182,
15-06-2020,Delhi,296697,42829,
16-06-2020,Delhi,304483,44688,
17-06-2020,Delhi,312576,47102,
18-06-2020,Delhi,321302,49979,
19-06-2020,Delhi,334376,53116,
20-06-2020,Delhi,351909,56746,
21-06-2020,Delhi,370014,59746,
22-06-2020,Delhi,384696,62655,
23-06-2020,Delhi,401648,66602,
24-06-2020,Delhi,420707,70390,
25-06-2020,Delhi,438012,73780,
26-06-2020,Delhi,459156,77240,
27-06-2020,Delhi,478336,80188,
28-06-2020,Delhi,498416,83077,
02-04-2020,Goa,220,5,197
09-04-2020,Goa,344,7,
10-04-2020,Goa,354,7,
12-04-2020,Goa,406,7,
13-04-2020,Goa,440,7,
14-04-2020,Goa,479,7,
15-04-2020,Goa,556,7,
16-04-2020,Goa,611,7,
17-04-2020,Goa,673,7,
18-04-2020,Goa,758,7,
19-04-2020,Goa,826,7,
20-04-2020,Goa,901,7,
21-04-2020,Goa,1004,7,
22-04-2020,Goa,1116,7,
23-04-2020,Goa,1206,7,
27-04-2020,Goa,1541,7,
28-04-2020,Goa,1776,7,
29-04-2020,Goa,1871,7,
30-04-2020,Goa,2031,7,
01-05-2020,Goa,2181,7,
02-05-2020,Goa,2372,7,
03-05-2020,Goa,2548,7,
04-05-2020,Goa,2899,7,
05-05-2020,Goa,3096,7,
06-05-2020,Goa,3411,7,
08-05-2020,Goa,4140,7,
09-05-2020,Goa,4524,7,
10-05-2020,Goa,4848,7,
11-05-2020,Goa,5307,7,
14-05-2020,Goa,6736,7,
15-05-2020,Goa,7304,7,
16-05-2020,Goa,8011,20,
17-05-2020,Goa,8785,29,
18-05-2020,Goa,8785,29,
19-05-2020,Goa,9549,46,
20-05-2020,Goa,10136,50,
21-05-2020,Goa,10859,52,
22-05-2020,Goa,11362,54,
23-05-2020,Goa,11945,55,
24-05-2020,Goa,12499,66,
25-05-2020,Goa,12860,67,
26-05-2020,Goa,13303,67,
27-05-2020,Goa,13911,68,
28-05-2020,Goa,14782,69,
29-05-2020,Goa,16141,69,
30-05-2020,Goa,17871,70,
31-05-2020,Goa,19491,71,
01-06-2020,Goa,20780,73,
02-06-2020,Goa,22378,79,
03-06-2020,Goa,23816,126,
04-06-2020,Goa,25300,166,
05-06-2020,Goa,26208,196,
06-06-2020,Goa,27402,267,
07-06-2020,Goa,29739,300,
08-06-2020,Goa,31455,330,
09-06-2020,Goa,32194,359,
10-06-2020,Goa,35332,387,
11-06-2020,Goa,37858,417,
12-06-2020,Goa,39298,463,
13-06-2020,Goa,40723,523,
14-06-2020,Goa,41835,564,
15-06-2020,Goa,42703,592,
16-06-2020,Goa,44378,629,
17-06-2020,Goa,45685,656,
18-06-2020,Goa,46996,705,
19-06-2020,Goa,49718,725,
20-06-2020,Goa,51404,754,
21-06-2020,Goa,52301,818,
22-06-2020,Goa,53050,864,
23-06-2020,Goa,54781,909,
24-06-2020,Goa,56925,951,
25-06-2020,Goa,58584,995,
26-06-2020,Goa,60350,1039,
27-06-2020,Goa,61687,1128,
28-06-2020,Goa,62945,1198,
08-04-2020,Gujarat,4224,186,3905
10-04-2020,Gujarat,7718,378,7237
11-04-2020,Gujarat,9763,468,8888
12-04-2020,Gujarat,11715,516,10867
13-04-2020,Gujarat,14251,572,12970
14-04-2020,Gujarat,14980,617,14363
15-04-2020,Gujarat,19197,766,18431
16-04-2020,Gujarat,20903,929,19974
17-04-2020,Gujarat,23483,1099,22339
18-04-2020,Gujarat,26102,1376,24726
19-04-2020,Gujarat,29104,1743,27361
20-04-2020,Gujarat,33316,1939,31377
21-04-2020,Gujarat,36829,2178,34651
22-04-2020,Gujarat,39421,2407,37014
23-04-2020,Gujarat,42384,2624,39760
24-04-2020,Gujarat,46743,2815,41007
25-04-2020,Gujarat,48315,3061,45254
26-04-2020,Gujarat,51091,3301,47790
27-04-2020,Gujarat,53575,3547,50028
28-04-2020,Gujarat,56101,3774,52327
29-04-2020,Gujarat,59488,4082,55406
30-04-2020,Gujarat,64007,4395,59612
01-05-2020,Gujarat,68774,4721,64053
02-05-2020,Gujarat,74116,5054,69062
03-05-2020,Gujarat,80060,5428,74632
04-05-2020,Gujarat,84648,5804,78844
05-05-2020,Gujarat,89632,6245,83387
06-05-2020,Gujarat,95191,6625,88566
07-05-2020,Gujarat,100553,7013,93540
08-05-2020,Gujarat,105386,7403,97984
09-05-2020,Gujarat,109650,7797,101853
10-05-2020,Gujarat,113493,8195,105298
11-05-2020,Gujarat,116470,8541,107929
12-05-2020,Gujarat,119536,8903,110633
13-05-2020,Gujarat,122297,9268,113029
14-05-2020,Gujarat,124708,9591,115117
15-05-2020,Gujarat,127859,9932,117927
16-05-2020,Gujarat,138407,10989,127418
17-05-2020,Gujarat,143600,11380,132220
18-05-2020,Gujarat,148824,11746,137078
19-05-2020,Gujarat,154674,12141,142533
20-05-2020,Gujarat,160772,12539,148233
21-05-2020,Gujarat,166152,12910,153242
22-05-2020,Gujarat,172562,13273,159289
23-05-2020,Gujarat,178068,13669,164399
24-05-2020,Gujarat,182868,14056,168806
25-05-2020,Gujarat,186361,14468,171893
26-05-2020,Gujarat,189313,14821,
27-05-2020,Gujarat,193863,15203,
28-05-2020,Gujarat,198048,15572,
29-05-2020,Gujarat,201481,15944,
30-05-2020,Gujarat,205780,16356,
31-05-2020,Gujarat,211930,16794,
01-06-2020,Gujarat,216258,17217,
02-06-2020,Gujarat,221610,17632,
03-06-2020,Gujarat,227898,18117,
04-06-2020,Gujarat,233921,18609,
05-06-2020,Gujarat,239911,19119,
06-06-2020,Gujarat,245606,19617,
07-06-2020,Gujarat,251686,20097,
08-06-2020,Gujarat,256289,20574,
09-06-2020,Gujarat,261587,21044,
10-06-2020,Gujarat,266404,21554,
11-06-2020,Gujarat,272924,22067,
12-06-2020,Gujarat,278137,22562,
13-06-2020,Gujarat,283623,23079,
14-06-2020,Gujarat,288565,23590,
15-06-2020,Gujarat,292909,24104,
16-06-2020,Gujarat,296335,24628,
17-06-2020,Gujarat,303671,25148,
18-06-2020,Gujarat,308744,25658,
19-06-2020,Gujarat,314301,26198,
20-06-2020,Gujarat,319414,26737,
21-06-2020,Gujarat,324874,27317,
22-06-2020,Gujarat,329343,27880,
23-06-2020,Gujarat,334326,28429,
24-06-2020,Gujarat,340080,29001,
25-06-2020,Gujarat,345278,29578,
26-06-2020,Gujarat,351179,30158,321021
27-06-2020,Gujarat,357148,30773,
28-06-2020,Gujarat,363306,31397,
03-04-2020,Haryana,1325,44,938
07-04-2020,Haryana,2520,141,1821
08-04-2020,Haryana,2650,153,1885
09-04-2020,Haryana,2964,156,2017
10-04-2020,Haryana,3527,162,2447
11-04-2020,Haryana,3663,165,2472
12-04-2020,Haryana,3903,181,2513
13-04-2020,Haryana,4489,182,2961
14-04-2020,Haryana,5210,184,3681
15-04-2020,Haryana,7388,190,5581
16-04-2020,Haryana,8064,214,6465
17-04-2020,Haryana,8884,223,7148
18-04-2020,Haryana,10454,232,8093
19-04-2020,Haryana,12687,250,10230
20-04-2020,Haryana,13894,251,11523
21-04-2020,Haryana,14562,255,12253
22-04-2020,Haryana,15561,264,13397
23-04-2020,Haryana,17582,270,15452
24-04-2020,Haryana,18845,275,16642
25-04-2020,Haryana,20270,287,17787
26-04-2020,Haryana,21467,296,19241
27-04-2020,Haryana,22993,301,20702
28-04-2020,Haryana,24826,308,22578
29-04-2020,Haryana,26148,311,24071
30-04-2020,Haryana,28202,339,25929
01-05-2020,Haryana,30191,357,27784
02-05-2020,Haryana,31200,369,28867
03-05-2020,Haryana,35278,442,32583
04-05-2020,Haryana,38183,517,34501
05-05-2020,Haryana,40982,548,36806
06-05-2020,Haryana,43279,594,38590
07-05-2020,Haryana,46495,625,41861
08-05-2020,Haryana,49746,647,43974
09-05-2020,Haryana,53282,675,48468
10-05-2020,Haryana,56983,703,51046
11-05-2020,Haryana,59735,730,53697
12-05-2020,Haryana,62377,780,56440
13-05-2020,Haryana,65785,793,59890
14-05-2020,Haryana,69191,818,63791
15-05-2020,Haryana,72326,854,66687
16-05-2020,Haryana,75097,887,69660
17-05-2020,Haryana,78029,910,72494
18-05-2020,Haryana,80698,928,75045
19-05-2020,Haryana,82544,964,77296
20-05-2020,Haryana,83944,970,78379
21-05-2020,Haryana,88138,1031,82372
22-05-2020,Haryana,91119,1067,85317
23-05-2020,Haryana,94035,1131,88051
24-05-2020,Haryana,97006,1184,91138
25-05-2020,Haryana,99987,1213,94725
26-05-2020,Haryana,102018,1305,97350
27-05-2020,Haryana,104747,1381,99555
28-05-2020,Haryana,108031,1504,102260
29-05-2020,Haryana,110940,1721,105169
30-05-2020,Haryana,114683,1923,108385
31-05-2020,Haryana,118138,2091,11709
01-06-2020,Haryana,121779,2356,114792
02-06-2020,Haryana,124564,2652,117340
03-06-2020,Haryana,127895,2954,120393
04-06-2020,Haryana,132575,3281,124769
05-06-2020,Haryana,137452,3597,129027
06-06-2020,Haryana,141688,3952,132684
07-06-2020,Haryana,145722,4448,136555
08-06-2020,Haryana,150220,4854,140081
09-06-2020,Haryana,153692,5209,143513
10-06-2020,Haryana,158470,5438,147453
11-06-2020,Haryana,162967,5968,151060
12-06-2020,Haryana,167501,6334,155395
13-06-2020,Haryana,171560,6749,159333
14-06-2020,Haryana,185722,7208,172678
15-06-2020,Haryana,189914,7722,176741
16-06-2020,Haryana,193421,8272,180051
17-06-2020,Haryana,197703,8832,183395
18-06-2020,Haryana,202808,9218,187303
19-06-2020,Haryana,207675,9743,192082
20-06-2020,Haryana,212430,10223,196836
21-06-2020,Haryana,217797,10635,201984
22-06-2020,Haryana,222948,11025,206436
23-06-2020,Haryana,226951,11520,210998
24-06-2020,Haryana,231673,12010,214896
25-06-2020,Haryana,236898,12463,219064
26-06-2020,Haryana,241941,12884,223797
27-06-2020,Haryana,247139,13427,228275
28-06-2020,Haryana,252356,13829,233567
10-04-2020,Himachal Pradesh,900,30,870
11-04-2020,Himachal Pradesh,900,30,870
12-04-2020,Himachal Pradesh,1113,32,944
13-04-2020,Himachal Pradesh,1210,32,1109
14-04-2020,Himachal Pradesh,1311,32,1232
15-04-2020,Himachal Pradesh,1426,35,1391
16-04-2020,Himachal Pradesh,1604,35,1559
17-04-2020,Himachal Pradesh,1992,36,1740
18-04-2020,Himachal Pradesh,2207,39,2091
19-04-2020,Himachal Pradesh,2553,39,2337
20-04-2020,Himachal Pradesh,2892,39,2714
21-04-2020,Himachal Pradesh,3341,39,2933
22-04-2020,Himachal Pradesh,3700,39,3510
23-04-2020,Himachal Pradesh,4020,40,3943
24-04-2020,Himachal Pradesh,4328,40,4160
25-04-2020,Himachal Pradesh,4623,40,4363
26-04-2020,Himachal Pradesh,4901,40,4794
27-04-2020,Himachal Pradesh,5106,40,5022
28-04-2020,Himachal Pradesh,5391,40,5344
29-04-2020,Himachal Pradesh,5772,40,5726
30-04-2020,Himachal Pradesh,6133,40,6091
01-05-2020,Himachal Pradesh,6472,40,6432
02-05-2020,Himachal Pradesh,6836,40,6791
03-05-2020,Himachal Pradesh,7185,40,7133
04-05-2020,Himachal Pradesh,7430,41,7320
05-05-2020,Himachal Pradesh,7893,42,7800
06-05-2020,Himachal Pradesh,8491,43,8055
07-05-2020,Himachal Pradesh,9005,46,8833
08-05-2020,Himachal Pradesh,9522,50,9434
09-05-2020,Himachal Pradesh,10208,52,10047
10-05-2020,Himachal Pradesh,10791,55,10343
11-05-2020,Himachal Pradesh,11267,59,11016
12-05-2020,Himachal Pradesh,12224,66,11846
13-05-2020,Himachal Pradesh,13190,67,12867
14-05-2020,Himachal Pradesh,14256,70,13307
15-05-2020,Himachal Pradesh,15557,76,15076
16-05-2020,Himachal Pradesh,16534,78,16079
17-05-2020,Himachal Pradesh,17417,80,17049
18-05-2020,Himachal Pradesh,18224,90,17946
19-05-2020,Himachal Pradesh,19645,92,18994
20-05-2020,Himachal Pradesh,21147,110,20449
21-05-2020,Himachal Pradesh,22641,152,21812
22-05-2020,Himachal Pradesh,24246,168,23307
23-05-2020,Himachal Pradesh,25905,185,24625
24-05-2020,Himachal Pradesh,27288,203,26524
25-05-2020,Himachal Pradesh,28346,223,27596
26-05-2020,Himachal Pradesh,29379,247,28989
27-05-2020,Himachal Pradesh,30852,273,30019
28-05-2020,Himachal Pradesh,32449,281,31655
29-05-2020,Himachal Pradesh,33979,295,33486
30-05-2020,Himachal Pradesh,35668,313,34933
31-05-2020,Himachal Pradesh,37168,331,36618
01-06-2020,Himachal Pradesh,37897,340,37233
02-06-2020,Himachal Pradesh,39620,345,38993
03-06-2020,Himachal Pradesh,41351,359,40621
04-06-2020,Himachal Pradesh,42703,383,42081
05-06-2020,Himachal Pradesh,43688,393,43149
06-06-2020,Himachal Pradesh,44509,400,43942
07-06-2020,Himachal Pradesh,45888,411,45254
08-06-2020,Himachal Pradesh,46416,421,45956
09-06-2020,Himachal Pradesh,47655,437,46541
10-06-2020,Himachal Pradesh,48922,451,48123
11-06-2020,Himachal Pradesh,50222,470,49465
12-06-2020,Himachal Pradesh,51420,486,50793
13-06-2020,Himachal Pradesh,52737,493,51106
14-06-2020,Himachal Pradesh,53946,518,53301
15-06-2020,Himachal Pradesh,54484,556,53923
16-06-2020,Himachal Pradesh,56106,560,55333
17-06-2020,Himachal Pradesh,57479,585,56861
18-06-2020,Himachal Pradesh,59214,595,58063
19-06-2020,Himachal Pradesh,60814,627,59675
20-06-2020,Himachal Pradesh,62580,656,61662
21-06-2020,Himachal Pradesh,64338,673,62882
22-06-2020,Himachal Pradesh,65189,727,64324
23-06-2020,Himachal Pradesh,67020,775,65803
24-06-2020,Himachal Pradesh,68899,806,67420
25-06-2020,Himachal Pradesh,71078,839,69917
26-06-2020,Himachal Pradesh,72688,864,71426
27-06-2020,Himachal Pradesh,74764,894,73722
28-06-2020,Himachal Pradesh,76556,916,75285
05-04-2020,Jammu and Kashmir,1551,106,1429
10-04-2020,Jammu and Kashmir,2961,207,2754
11-04-2020,Jammu and Kashmir,3206,224,2982
12-04-2020,Jammu and Kashmir,3600,245,3355
13-04-2020,Jammu and Kashmir,4065,270,3795
14-04-2020,Jammu and Kashmir,4619,278,4341
15-04-2020,Jammu and Kashmir,5171,300,4871
16-04-2020,Jammu and Kashmir,5680,314,5366
17-04-2020,Jammu and Kashmir,6438,328,6110
18-04-2020,Jammu and Kashmir,6937,341,6596
19-04-2020,Jammu and Kashmir,7895,350,7545
20-04-2020,Jammu and Kashmir,8612,368,8244
21-04-2020,Jammu and Kashmir,9220,380,8840
22-04-2020,Jammu and Kashmir,10039,407,9632
23-04-2020,Jammu and Kashmir,10977,427,10550
24-04-2020,Jammu and Kashmir,11764,454,11310
25-04-2020,Jammu and Kashmir,12835,494,12341
26-04-2020,Jammu and Kashmir,13959,523,13436
27-04-2020,Jammu and Kashmir,14988,546,14442
28-04-2020,Jammu and Kashmir,16619,565,16054
29-04-2020,Jammu and Kashmir,18450,581,17869
30-04-2020,Jammu and Kashmir,19746,614,19132
01-05-2020,Jammu and Kashmir,21695,639,21056
02-05-2020,Jammu and Kashmir,23406,666,22794
03-05-2020,Jammu and Kashmir,26038,701,25337
04-05-2020,Jammu and Kashmir,28199,726,27473
05-05-2020,Jammu and Kashmir,31312,741,30571
06-05-2020,Jammu and Kashmir,34277,775,33502
07-05-2020,Jammu and Kashmir,37706,793,36913
08-05-2020,Jammu and Kashmir,42427,823,41604
09-05-2020,Jammu and Kashmir,44753,836,43917
10-05-2020,Jammu and Kashmir,47080,861,46291
11-05-2020,Jammu and Kashmir,51334,879,50455
12-05-2020,Jammu and Kashmir,53726,934,52792
13-05-2020,Jammu and Kashmir,57111,971,56140
14-05-2020,Jammu and Kashmir,63515,983,62532
15-05-2020,Jammu and Kashmir,70306,1013,69293
16-05-2020,Jammu and Kashmir,76191,1121,75070
17-05-2020,Jammu and Kashmir,80934,1183,79751
18-05-2020,Jammu and Kashmir,88601,1289,87312
19-05-2020,Jammu and Kashmir,96826,1317,95509
20-05-2020,Jammu and Kashmir,101950,1390,100560
21-05-2020,Jammu and Kashmir,107108,1449,105659
22-05-2020,Jammu and Kashmir,114859,1489,113370
23-05-2020,Jammu and Kashmir,124074,1569,122505
24-05-2020,Jammu and Kashmir,130433,1621,128812
25-05-2020,Jammu and Kashmir,134188,1668,132520
26-05-2020,Jammu and Kashmir,140962,1759,139203
27-05-2020,Jammu and Kashmir,145162,1921,143241
28-05-2020,Jammu and Kashmir,153522,2036,151486
29-05-2020,Jammu and Kashmir,158729,2164,156565
30-05-2020,Jammu and Kashmir,164581,2341,162240
31-05-2020,Jammu and Kashmir,171045,2446,168599
01-06-2020,Jammu and Kashmir,176309,2601,173708
02-06-2020,Jammu and Kashmir,183067,2718,180349
03-06-2020,Jammu and Kashmir,189364,2857,186507
04-06-2020,Jammu and Kashmir,195677,3142,192535
05-06-2020,Jammu and Kashmir,202257,3324,198933
06-06-2020,Jammu and Kashmir,211880,3467,208413
07-06-2020,Jammu and Kashmir,218481,4087,214394
08-06-2020,Jammu and Kashmir,227906,4285,223621
09-06-2020,Jammu and Kashmir,235816,4346,231470
10-06-2020,Jammu and Kashmir,241891,4507,237384
11-06-2020,Jammu and Kashmir,247267,4574,242693
12-06-2020,Jammu and Kashmir,254059,4730,249329
13-06-2020,Jammu and Kashmir,260098,4878,255220
14-06-2020,Jammu and Kashmir,266163,5041,261122
15-06-2020,Jammu and Kashmir,271416,5220,266196
16-06-2020,Jammu and Kashmir,276174,5298,270876
17-06-2020,Jammu and Kashmir,282268,5406,276862
18-06-2020,Jammu and Kashmir,289027,5555,283472
19-06-2020,Jammu and Kashmir,295202,5680,289522
20-06-2020,Jammu and Kashmir,301209,5834,295375
21-06-2020,Jammu and Kashmir,307638,5956,301682
22-06-2020,Jammu and Kashmir,313687,6088,307599
23-06-2020,Jammu and Kashmir,319664,6236,313428
24-06-2020,Jammu and Kashmir,326430,6422,320008
25-06-2020,Jammu and Kashmir,332445,6549,325896
26-06-2020,Jammu and Kashmir,338903,6762,332141
27-06-2020,Jammu and Kashmir,345426,6966,338460
28-06-2020,Jammu and Kashmir,351865,7093,344772
10-04-2020,Jharkhand,1340,14,1326
11-04-2020,Jharkhand,1546,17,1529
12-04-2020,Jharkhand,1683,17,1666
13-04-2020,Jharkhand,1982,19,1963
14-04-2020,Jharkhand,2334,27,2307
17-04-2020,Jharkhand,3143,32,3111
18-04-2020,Jharkhand,3431,33,3398
19-04-2020,Jharkhand,3646,38,3608
20-04-2020,Jharkhand,4235,45,4190
22-04-2020,Jharkhand,5176,49,5127
23-04-2020,Jharkhand,5380,53,5327
24-04-2020,Jharkhand,6162,57,6105
25-04-2020,Jharkhand,6970,67,6903
26-04-2020,Jharkhand,7806,82,7724
27-04-2020,Jharkhand,8757,103,8654
28-04-2020,Jharkhand,9408,105,9303
29-04-2020,Jharkhand,10268,107,10161
30-04-2020,Jharkhand,10987,109,10878
01-05-2020,Jharkhand,11771,113,11658
02-05-2020,Jharkhand,12393,115,12278
03-05-2020,Jharkhand,13055,115,12940
04-05-2020,Jharkhand,13832,115,13717
05-05-2020,Jharkhand,15064,125,14939
06-05-2020,Jharkhand,15908,127,15799
07-05-2020,Jharkhand,17101,132,16969
08-05-2020,Jharkhand,17219,132,17087
09-05-2020,Jharkhand,18632,154,18478
10-05-2020,Jharkhand,20832,157,20675
11-05-2020,Jharkhand,21201,160,21041
12-05-2020,Jharkhand,22815,164,22651
13-05-2020,Jharkhand,25769,177,25592
14-05-2020,Jharkhand,27789,197,27592
15-05-2020,Jharkhand,29236,211,29025
16-05-2020,Jharkhand,31025,217,30808
17-05-2020,Jharkhand,33220,223,32997
18-05-2020,Jharkhand,35359,228,35131
19-05-2020,Jharkhand,37589,248,37341
20-05-2020,Jharkhand,39402,281,39121
21-05-2020,Jharkhand,41936,303,41633
22-05-2020,Jharkhand,43988,323,43665
23-05-2020,Jharkhand,45785,350,45435
24-05-2020,Jharkhand,48641,370,48271
25-05-2020,Jharkhand,50709,405,50304
26-05-2020,Jharkhand,53309,426,52883
27-05-2020,Jharkhand,55427,458,54969
28-05-2020,Jharkhand,57250,469,56781
29-05-2020,Jharkhand,59452,521,58931
30-05-2020,Jharkhand,62916,563,62353
31-05-2020,Jharkhand,65886,610,65256
01-06-2020,Jharkhand,69187,661,68526
02-06-2020,Jharkhand,71296,712,70584
03-06-2020,Jharkhand,74499,764,73735
04-06-2020,Jharkhand,77641,827,76814
05-06-2020,Jharkhand,80097,922,79175
06-06-2020,Jharkhand,84444,1028,83416
07-06-2020,Jharkhand,87721,1103,86618
08-06-2020,Jharkhand,92325,1290,91035
09-06-2020,Jharkhand,95099,1416,93683
10-06-2020,Jharkhand,95500,1423,94077
11-06-2020,Jharkhand,99931,1599,98332
12-06-2020,Jharkhand,102092,1656,100436
13-06-2020,Jharkhand,103905,1711,102194
14-06-2020,Jharkhand,106104,1761,104343
15-06-2020,Jharkhand,108576,1793,106783
16-06-2020,Jharkhand,110813,1839,108974
17-06-2020,Jharkhand,113004,1895,111109
18-06-2020,Jharkhand,115186,1919,113267
19-06-2020,Jharkhand,117569,1961,115608
20-06-2020,Jharkhand,120892,2024,117722
21-06-2020,Jharkhand,121770,2089,119681
22-06-2020,Jharkhand,124008,2140,121868
23-06-2020,Jharkhand,126007,2193,123814
24-06-2020,Jharkhand,128214,2219,125995
25-06-2020,Jharkhand,131169,2261,128908
26-06-2020,Jharkhand,133082,2294,130788
27-06-2020,Jharkhand,135276,2339,132937
28-06-2020,Jharkhand,137438,2364,135074
03-04-2020,Karnataka,4587,128,4281
07-04-2020,Karnataka,6580,175,5942
08-04-2020,Karnataka,6967,181,6473
09-04-2020,Karnataka,7613,197,7176
10-04-2020,Karnataka,7975,207,7673
11-04-2020,Karnataka,8560,215,8231
12-04-2020,Karnataka,9251,232,8831
13-04-2020,Karnataka,10017,247,9572
14-04-2020,Karnataka,11107,260,10554
15-04-2020,Karnataka,12483,279,11905
16-04-2020,Karnataka,13724,315,13074
17-04-2020,Karnataka,17594,359,14606
18-04-2020,Karnataka,19186,384,15658
19-04-2020,Karnataka,21367,390,17662
20-04-2020,Karnataka,23460,408,19497
21-04-2020,Karnataka,26233,418,22222
22-04-2020,Karnataka,29512,427,25424
23-04-2020,Karnataka,32122,445,28174
24-04-2020,Karnataka,35958,474,31914
25-04-2020,Karnataka,39083,500,34888
26-04-2020,Karnataka,42964,503,38207
27-04-2020,Karnataka,45685,512,43791
28-04-2020,Karnataka,50512,523,48508
29-04-2020,Karnataka,55404,535,53241
30-04-2020,Karnataka,60156,565,57548
01-05-2020,Karnataka,64898,589,61855
02-05-2020,Karnataka,69730,601,66475
03-05-2020,Karnataka,74898,614,70998
04-05-2020,Karnataka,79193,651,74664
05-05-2020,Karnataka,83806,673,78860
06-05-2020,Karnataka,88777,693,83056
07-05-2020,Karnataka,93535,705,87756
08-05-2020,Karnataka,98081,753,92237
09-05-2020,Karnataka,103098,794,97326
10-05-2020,Karnataka,107311,848,102266
11-05-2020,Karnataka,111595,862,106467
12-05-2020,Karnataka,116533,925,111264
13-05-2020,Karnataka,121178,959,119420
14-05-2020,Karnataka,128373,987,126766
15-05-2020,Karnataka,133724,1056,132074
16-05-2020,Karnataka,140024,1092,138216
17-05-2020,Karnataka,145398,1147,143444
18-05-2020,Karnataka,151663,1246,149566
19-05-2020,Karnataka,158599,1395,156247
20-05-2020,Karnataka,166781,1462,164199
21-05-2020,Karnataka,174297,1605,171484
22-05-2020,Karnataka,186526,1743,183088
23-05-2020,Karnataka,196196,1959,192127
24-05-2020,Karnataka,206313,2089,201978
25-05-2020,Karnataka,219894,2182,215308
26-05-2020,Karnataka,228914,2283,223477
27-05-2020,Karnataka,241608,2418,235876
28-05-2020,Karnataka,252078,2533,246115
29-05-2020,Karnataka,264489,2781,258130
30-05-2020,Karnataka,280217,2922,273404
31-05-2020,Karnataka,293575,3221,286245
01-06-2020,Karnataka,304816,3408,297052
02-06-2020,Karnataka,319628,3796,310967
03-06-2020,Karnataka,334825,4063,325686
04-06-2020,Karnataka,347093,4320,337154
05-06-2020,Karnataka,360720,4835,349951
06-06-2020,Karnataka,372582,5213,361382
07-06-2020,Karnataka,384442,5452,372399
08-06-2020,Karnataka,393221,5760,380630
09-06-2020,Karnataka,400257,5921,387027
10-06-2020,Karnataka,408506,6041,394603
11-06-2020,Karnataka,416506,6245,402105
12-06-2020,Karnataka,426341,6516,411244
13-06-2020,Karnataka,436518,6824,420773
14-06-2020,Karnataka,443969,7000,427608
15-06-2020,Karnataka,449331,7213,432346
16-06-2020,Karnataka,457267,7530,439654
17-06-2020,Karnataka,464798,7734,446448
18-06-2020,Karnataka,473507,7944,454476
19-06-2020,Karnataka,484060,8281,464338
20-06-2020,Karnataka,493893,8697,473357
21-06-2020,Karnataka,506765,9150,485345
22-06-2020,Karnataka,515969,9399,493921
23-06-2020,Karnataka,526538,9721,503734
24-06-2020,Karnataka,539247,10118,515388
25-06-2020,Karnataka,553325,10560,527731
26-06-2020,Karnataka,568058,11005,541548
27-06-2020,Karnataka,581635,11923,554095
28-06-2020,Karnataka,595470,13190,566543
01-04-2020,Kerala,7965,265,7256
02-04-2020,Kerala,8456,286,7622
03-04-2020,Kerala,9139,295,8126
04-04-2020,Kerala,9744,306,8586
05-04-2020,Kerala,10221,314,9300
06-04-2020,Kerala,10716,327,9607
07-04-2020,Kerala,11232,336,10250
08-04-2020,Kerala,11986,354,10906
09-04-2020,Kerala,12710,357,11469
10-04-2020,Kerala,13339,364,12335
11-04-2020,Kerala,14163,373,12818
12-04-2020,Kerala,14989,375,13802
13-04-2020,Kerala,15683,378,14829
14-04-2020,Kerala,16235,386,15488
15-04-2020,Kerala,16475,387,16002
16-04-2020,Kerala,17400,394,16459
17-04-2020,Kerala,18029,395,17279
18-04-2020,Kerala,18774,399,17763
19-04-2020,Kerala,19351,401,18547
20-04-2020,Kerala,19756,408,19074
21-04-2020,Kerala,20252,426,19442
22-04-2020,Kerala,20821,437,19998
23-04-2020,Kerala,21334,447,20326
24-04-2020,Kerala,21940,450,20830
25-04-2020,Kerala,22360,457,21475
26-04-2020,Kerala,22954,468,21997
27-04-2020,Kerala,24146,481,23148
28-04-2020,Kerala,24855,485,24078
29-04-2020,Kerala,25827,495,24681
30-04-2020,Kerala,27481,497,26032
01-05-2020,Kerala,29012,497,27224
02-05-2020,Kerala,33276,499,31592
03-05-2020,Kerala,34608,499,33294
04-05-2020,Kerala,35441,499,34161
05-05-2020,Kerala,36312,502,35244
06-05-2020,Kerala,37546,502,36210
07-05-2020,Kerala,38206,502,36856
08-05-2020,Kerala,39266,503,38294
09-05-2020,Kerala,40123,505,39233
10-05-2020,Kerala,41279,512,40155
11-05-2020,Kerala,41700,512,40889
12-05-2020,Kerala,42461,524,41621
13-05-2020,Kerala,43648,534,42574
14-05-2020,Kerala,45039,560,43868
15-05-2020,Kerala,46831,576,45063
16-05-2020,Kerala,48433,587,46458
17-05-2020,Kerala,50036,601,47964
18-05-2020,Kerala,51059,630,49763
19-05-2020,Kerala,52588,642,50867
20-05-2020,Kerala,54633,666,52689
21-05-2020,Kerala,56373,690,54541
22-05-2020,Kerala,58382,733,56165
23-05-2020,Kerala,60443,795,58192
24-05-2020,Kerala,61900,848,59943
25-05-2020,Kerala,63009,897,61698
26-05-2020,Kerala,65303,964,63010
27-05-2020,Kerala,67961,1004,65099
28-05-2020,Kerala,70622,1089,67677
29-05-2020,Kerala,74214,1151,71083
30-05-2020,Kerala,77257,1209,73775
31-05-2020,Kerala,77508,1270,75697
01-06-2020,Kerala,82449,1327,78310
02-06-2020,Kerala,86169,1413,81157
03-06-2020,Kerala,95348,1495,84870
04-06-2020,Kerala,99692,1589,87403
05-06-2020,Kerala,104045,1700,92818
06-06-2020,Kerala,107796,1808,97114
07-06-2020,Kerala,111930,1915,100319
08-06-2020,Kerala,113956,2006,103472
09-06-2020,Kerala,126088,2097,111892
10-06-2020,Kerala,131006,2162,116425
11-06-2020,Kerala,135974,2245,130857
12-06-2020,Kerala,140457,2323,134743
13-06-2020,Kerala,144842,2408,
14-06-2020,Kerala,149164,2462,
15-06-2020,Kerala,151686,2544,
16-06-2020,Kerala,157117,2623,
17-06-2020,Kerala,161829,2698,
18-06-2020,Kerala,169035,2795,
19-06-2020,Kerala,173729,2913,
20-06-2020,Kerala,178559,3040,
21-06-2020,Kerala,183201,3173,
22-06-2020,Kerala,185903,3311,
23-06-2020,Kerala,192059,3452,
24-06-2020,Kerala,197567,3604,
25-06-2020,Kerala,203574,3727,
26-06-2020,Kerala,209456,3877,
27-06-2020,Kerala,215243,4072,
28-06-2020,Kerala,220821,4190,
13-04-2020,Ladakh,618,17,
14-04-2020,Ladakh,760,17,615
15-04-2020,Ladakh,820,18,657
16-04-2020,Ladakh,917,18,695
19-04-2020,Ladakh,991,18,797
21-04-2020,Ladakh,1137,18,896
29-04-2020,Ladakh,1949,22,1299
30-04-2020,Ladakh,2245,22,1384
01-05-2020,Ladakh,2430,22,1545
02-05-2020,Ladakh,2434,23,1618
03-05-2020,Ladakh,2434,41,1674
04-05-2020,Ladakh,2639,41,1879
09-05-2020,Ladakh,3503,42,2948
13-05-2020,Ladakh,3683,43,3353
16-05-2020,Ladakh,4067,43,3571
18-05-2020,Ladakh,4219,43,3791
19-05-2020,Ladakh,4730,43,3935
21-05-2020,Ladakh,5291,44,4081
22-05-2020,Ladakh,5505,44,4173
23-05-2020,Ladakh,5727,49,4505
24-05-2020,Ladakh,5730,52,4733
25-05-2020,Ladakh,5896,53,4894
30-05-2020,Ladakh,7354,74,6145
31-05-2020,Ladakh,7354,77,6167
02-06-2020,Ladakh,8310,81,6465
05-06-2020,Ladakh,9754,97,7204
06-06-2020,Ladakh,10164,99,7214
09-06-2020,Ladakh,10249,108,7888
11-06-2020,Ladakh,10855,135,8222
12-06-2020,Ladakh,10986,239,8460
13-06-2020,Ladakh,11135,437,8814
14-06-2020,Ladakh,11135,539,9087
15-06-2020,Ladakh,11260,555,9456
16-06-2020,Ladakh,11537,649,9660
17-06-2020,Ladakh,11626,687,9833
18-06-2020,Ladakh,12082,687,9901
19-06-2020,Ladakh,12516,744,10091
20-06-2020,Ladakh,12838,836,10307
21-06-2020,Ladakh,12838,837,10398
22-06-2020,Ladakh,13018,847,10715
23-06-2020,Ladakh,13118,932,10927
24-06-2020,Ladakh,13313,932,11191
25-06-2020,Ladakh,13521,941,11285
26-06-2020,Ladakh,13636,946,11563
27-06-2020,Ladakh,13717,960,11775
05-04-2020,Madhya Pradesh,2812,193,1954
07-04-2020,Madhya Pradesh,3770,290,3125
08-04-2020,Madhya Pradesh,4056,341,3443
09-04-2020,Madhya Pradesh,5135,411,3989
10-04-2020,Madhya Pradesh,7049,451,4840
11-04-2020,Madhya Pradesh,8516,529,5790
12-04-2020,Madhya Pradesh,10481,562,6875
13-04-2020,Madhya Pradesh,10481,614,6875
14-04-2020,Madhya Pradesh,8105,741,7103
15-04-2020,Madhya Pradesh,9596,938,8658
16-04-2020,Madhya Pradesh,13492,1164,12326
17-04-2020,Madhya Pradesh,15302,1310,13992
18-04-2020,Madhya Pradesh,14978,1402,13576
19-04-2020,Madhya Pradesh,17835,1407,16428
20-04-2020,Madhya Pradesh,19142,1485,17657
21-04-2020,Madhya Pradesh,20905,1552,19353
22-04-2020,Madhya Pradesh,22664,1587,21077
23-04-2020,Madhya Pradesh,24548,1687,22861
24-04-2020,Madhya Pradesh,26233,1846,24387
25-04-2020,Madhya Pradesh,27866,1945,25921
26-04-2020,Madhya Pradesh,25232,2090,21716
27-04-2020,Madhya Pradesh,27009,2165,23500
28-04-2020,Madhya Pradesh,31060,2387,26159
29-04-2020,Madhya Pradesh,33837,2560,29261
30-04-2020,Madhya Pradesh,41712,2625,29816
01-05-2020,Madhya Pradesh,44116,2715,39353
02-05-2020,Madhya Pradesh,46578,2788,41460
03-05-2020,Madhya Pradesh,49186,2837,43937
04-05-2020,Madhya Pradesh,52095,2942,46634
05-05-2020,Madhya Pradesh,54595,3049,48931
06-05-2020,Madhya Pradesh,54595,3138,51479
07-05-2020,Madhya Pradesh,61020,3252,55002
08-05-2020,Madhya Pradesh,63705,3341,57528
09-05-2020,Madhya Pradesh,68010,3457,61629
10-05-2020,Madhya Pradesh,72069,3614,65436
11-05-2020,Madhya Pradesh,76039,3785,69187
12-05-2020,Madhya Pradesh,80885,3986,73761
13-05-2020,Madhya Pradesh,85903,4173,77738
14-05-2020,Madhya Pradesh,89760,4426,82028
15-05-2020,Madhya Pradesh,93849,4595,85879
16-05-2020,Madhya Pradesh,99677,4790,91393
17-05-2020,Madhya Pradesh,103898,4977,95355
18-05-2020,Madhya Pradesh,112168,5236,100469
19-05-2020,Madhya Pradesh,116473,5465,104348
20-05-2020,Madhya Pradesh,120737,5735,108744
21-05-2020,Madhya Pradesh,125608,5981,112947
22-05-2020,Madhya Pradesh,129060,6170,116835
23-05-2020,Madhya Pradesh,132769,6371,121033
24-05-2020,Madhya Pradesh,135889,6665,124549
25-05-2020,Madhya Pradesh,138584,6859,128267
26-05-2020,Madhya Pradesh,141508,7024,131415
27-05-2020,Madhya Pradesh,146144,7261,134774
28-05-2020,Madhya Pradesh,151182,7453,138387
29-05-2020,Madhya Pradesh,155436,7645,142383
30-05-2020,Madhya Pradesh,161552,7891,146616
31-05-2020,Madhya Pradesh,167808,8089,151793
01-06-2020,Madhya Pradesh,172019,8283,157790
02-06-2020,Madhya Pradesh,177481,8420,163100
03-06-2020,Madhya Pradesh,183662,8588,168219
04-06-2020,Madhya Pradesh,189252,8762,173392
05-06-2020,Madhya Pradesh,195249,8996,179234
06-06-2020,Madhya Pradesh,200913,9228,184202
07-06-2020,Madhya Pradesh,208514,9401,190155
08-06-2020,Madhya Pradesh,215194,9638,196497
09-06-2020,Madhya Pradesh,220936,9849,203131
10-06-2020,Madhya Pradesh,228042,10049,210081
11-06-2020,Madhya Pradesh,233740,10241,217860
12-06-2020,Madhya Pradesh,241461,10443,224064
13-06-2020,Madhya Pradesh,246973,10641,231123
14-06-2020,Madhya Pradesh,252762,10802,236649
15-06-2020,Madhya Pradesh,258040,10935,242117
16-06-2020,Madhya Pradesh,263983,11083,247196
17-06-2020,Madhya Pradesh,271205,11244,253474
18-06-2020,Madhya Pradesh,277451,11426,260395
19-06-2020,Madhya Pradesh,282674,11582,267247
20-06-2020,Madhya Pradesh,290831,11724,273628
21-06-2020,Madhya Pradesh,296943,11903,280480
22-06-2020,Madhya Pradesh,302673,12078,286516
23-06-2020,Madhya Pradesh,307812,12261,291733
24-06-2020,Madhya Pradesh,314978,12448,298712
25-06-2020,Madhya Pradesh,321595,12595,305182
26-06-2020,Madhya Pradesh,329079,12798,312463
27-06-2020,Madhya Pradesh,337041,12965,320258
28-06-2020,Madhya Pradesh,344836,13186,327832
05-04-2020,Maharashtra,16008,,14837
06-04-2020,Maharashtra,17563,868,15808
07-04-2020,Maharashtra,20877,1018,19290
09-04-2020,Maharashtra,20877,868,19290
10-04-2020,Maharashtra,30000,1135,28865
11-04-2020,Maharashtra,31841,1761,30477
12-04-2020,Maharashtra,35668,1761,34094
13-04-2020,Maharashtra,39725,1996,37964
14-04-2020,Maharashtra,41071,2340,39089
15-04-2020,Maharashtra,45142,2690,42808
16-04-2020,Maharashtra,50882,2916,48198
17-04-2020,Maharashtra,55678,3204,52762
18-04-2020,Maharashtra,60166,3323,56964
19-04-2020,Maharashtra,66796,3651,63476
20-04-2020,Maharashtra,71321,4204,67673
21-04-2020,Maharashtra,75838,4676,71638
22-04-2020,Maharashtra,82304,5229,77638
23-04-2020,Maharashtra,89197,5218,83979
24-04-2020,Maharashtra,95210,6427,89561
25-04-2020,Maharashtra,100912,6817,94485
26-04-2020,Maharashtra,107979,7928,101162
27-04-2020,Maharashtra,115147,8068,107519
28-04-2020,Maharashtra,120620,8590,112552
29-04-2020,Maharashtra,128726,9318,120136
30-04-2020,Maharashtra,135694,9915,126376
01-05-2020,Maharashtra,144159,10498,134244
02-05-2020,Maharashtra,151085,11506,140587
03-05-2020,Maharashtra,159754,12296,148248
04-05-2020,Maharashtra,168374,12974,156078
05-05-2020,Maharashtra,175323,14541,162349
06-05-2020,Maharashtra,181746,15525,167205
07-05-2020,Maharashtra,189220,16758,173838
08-05-2020,Maharashtra,200477,17974,183862
09-05-2020,Maharashtra,210174,19063,192197
10-05-2020,Maharashtra,225524,20228,206481
11-05-2020,Maharashtra,218914,23401,193457
12-05-2020,Maharashtra,222284,23401,196165
13-05-2020,Maharashtra,231061,24427,203536
14-05-2020,Maharashtra,240482,25922,211082
15-05-2020,Maharashtra,250898,27524,219635
16-05-2020,Maharashtra,261815,29100,228956
17-05-2020,Maharashtra,274040,30706,238476
18-05-2020,Maharashtra,282437,33053,245512
19-05-2020,Maharashtra,294272,35058,255065
20-05-2020,Maharashtra,307535,37136,265872
21-05-2020,Maharashtra,319921,39297,276369
22-05-2020,Maharashtra,333087,41642,286157
23-05-2020,Maharashtra,348932,44582,299107
24-05-2020,Maharashtra,363470,47190,310565
25-05-2020,Maharashtra,379185,50231,323937
26-05-2020,Maharashtra,390757,52667,333468
27-05-2020,Maharashtra,405020,54758,345151
28-05-2020,Maharashtra,420473,56948,358253
29-05-2020,Maharashtra,434565,59546,369442
30-05-2020,Maharashtra,448661,62228,380425
31-05-2020,Maharashtra,463177,65168,392516
01-06-2020,Maharashtra,472344,67655,399419
02-06-2020,Maharashtra,484784,70013,409178
03-06-2020,Maharashtra,498577,72300,420644
04-06-2020,Maharashtra,511136,74860,430100
05-06-2020,Maharashtra,524002,77793,440445
06-06-2020,Maharashtra,538009,80229,451764
07-06-2020,Maharashtra,553063,82968,463723
08-06-2020,Maharashtra,565290,85975,473588
09-06-2020,Maharashtra,579294,88528,485144
10-06-2020,Maharashtra,595282,90787,497990
11-06-2020,Maharashtra,610790,94041,509990
12-06-2020,Maharashtra,626521,97648,521942
13-06-2020,Maharashtra,643057,101141,535252
14-06-2020,Maharashtra,659481,104568,548250
15-06-2020,Maharashtra,671348,107958,557161
16-06-2020,Maharashtra,686488,110744,569863
18-06-2020,Maharashtra,719637,123794,595843
19-06-2020,Maharashtra,737597,120504,609968
20-06-2020,Maharashtra,756809,124331,624869
21-06-2020,Maharashtra,775958,128205,639731
22-06-2020,Maharashtra,789016,132075,649446
23-06-2020,Maharashtra,804726,142628,662098
24-06-2020,Maharashtra,826139,146811,679328
25-06-2020,Maharashtra,850410,151823,698587
26-06-2020,Maharashtra,873570,156457,717113
27-06-2020,Maharashtra,900423,162168,738255
28-06-2020,Maharashtra,926934,168388,758546
29-06-2020,Maharashtra,946518,173227,773291
14-04-2020,Manipur,276,2,
17-04-2020,Manipur,311,2,
24-04-2020,Manipur,402,2,
25-04-2020,Manipur,416,2,
30-04-2020,Manipur,459,2,
01-05-2020,Manipur,461,2,
02-05-2020,Manipur,468,2,
04-05-2020,Manipur,571,2,
07-05-2020,Manipur,684,2,
08-05-2020,Manipur,756,2,
09-05-2020,Manipur,865,2,
10-05-2020,Manipur,1096,2,
11-05-2020,Manipur,1337,2,
13-05-2020,Manipur,1706,2,
15-05-2020,Manipur,1799,3,
16-05-2020,Manipur,1900,4,
18-05-2020,Manipur,2483,7,
20-05-2020,Manipur,3087,20,
22-05-2020,Manipur,3721,26,
23-05-2020,Manipur,4094,29,
25-05-2020,Manipur,5041,36,
26-05-2020,Manipur,6233,39,
27-05-2020,Manipur,6836,44,
28-05-2020,Manipur,7758,55,
29-05-2020,Manipur,8596,59,
03-06-2020,Manipur,12454,118,
05-06-2020,Manipur,14629,132,
07-06-2020,Manipur,17028,172,
09-06-2020,Manipur,18612,304,
10-06-2020,Manipur,19756,311,
11-06-2020,Manipur,20528,366,
13-06-2020,Manipur,24046,449,
14-06-2020,Manipur,25226,458,
15-06-2020,Manipur,26458,490,
17-06-2020,Manipur,29865,552,
18-06-2020,Manipur,30476,606,
19-06-2020,Manipur,32093,681,
21-06-2020,Manipur,35943,841,
22-06-2020,Manipur,38286,898,
23-06-2020,Manipur,40829,921,
24-06-2020,Manipur,43477,970,
25-06-2020,Manipur,45253,1056,
27-06-2020,Manipur,48220,1092,
16-04-2020,Meghalaya,552,7,299
17-04-2020,Meghalaya,617,9,541
18-04-2020,Meghalaya,738,11,667
19-04-2020,Meghalaya,766,11,678
20-04-2020,Meghalaya,838,11,714
21-04-2020,Meghalaya,933,12,821
22-04-2020,Meghalaya,1046,12,904
23-04-2020,Meghalaya,1109,12,1000
24-04-2020,Meghalaya,1130,12,1048
25-04-2020,Meghalaya,1169,12,1097
27-04-2020,Meghalaya,1254,12,1182
28-04-2020,Meghalaya,1382,12,1202
29-04-2020,Meghalaya,1397,12,1288
30-04-2020,Meghalaya,1595,12,1433
02-05-2020,Meghalaya,1707,12,1655
04-05-2020,Meghalaya,1884,12,1782
05-05-2020,Meghalaya,1944,12,1822
07-05-2020,Meghalaya,2054,12,1967
09-05-2020,Meghalaya,2287,12,2178
10-05-2020,Meghalaya,2287,13,2178
11-05-2020,Meghalaya,2480,13,2342
15-05-2020,Meghalaya,2712,13,2597
18-05-2020,Meghalaya,2896,13,
19-05-2020,Meghalaya,3104,13,
20-05-2020,Meghalaya,3419,13,
22-05-2020,Meghalaya,3682,14,
26-05-2020,Meghalaya,6553,15,5599
27-05-2020,Meghalaya,6685,20,
31-05-2020,Meghalaya,7781,27,
01-06-2020,Meghalaya,8127,27,
02-06-2020,Meghalaya,8734,28,
03-06-2020,Meghalaya,9025,28,
04-06-2020,Meghalaya,9395,31,
05-06-2020,Meghalaya,9592,31,
06-06-2020,Meghalaya,10066,33,
07-06-2020,Meghalaya,10066,33,
08-06-2020,Meghalaya,10746,36,
09-06-2020,Meghalaya,11247,40,
10-06-2020,Meghalaya,11505,44,
11-06-2020,Meghalaya,11889,44,
12-06-2020,Meghalaya,12219,44,
13-06-2020,Meghalaya,12560,44,
15-06-2020,Meghalaya,13353,44,
16-06-2020,Meghalaya,13878,44,
17-06-2020,Meghalaya,14316,43,
18-06-2020,Meghalaya,14647,43,
19-06-2020,Meghalaya,15104,43,
20-06-2020,Meghalaya,15346,43,
22-06-2020,Meghalaya,16296,44,
23-06-2020,Meghalaya,16637,46,
24-06-2020,Meghalaya,17115,46,
25-06-2020,Meghalaya,17258,46,
26-06-2020,Meghalaya,17784,48,
27-06-2020,Meghalaya,18037,48,17741
28-06-2020,Meghalaya,18037,50,17741
06-04-2020,Mizoram,58,1,0
07-04-2020,Mizoram,58,1,0
08-04-2020,Mizoram,74,1,
09-04-2020,Mizoram,84,1,
12-04-2020,Mizoram,87,1,
13-04-2020,Mizoram,89,1,
14-04-2020,Mizoram,91,1,
15-04-2020,Mizoram,94,1,
16-04-2020,Mizoram,94,1,
18-04-2020,Mizoram,102,1,
19-04-2020,Mizoram,116,1,
20-04-2020,Mizoram,132,1,
21-04-2020,Mizoram,135,1,
22-04-2020,Mizoram,135,1,
23-04-2020,Mizoram,137,1,
26-04-2020,Mizoram,146,1,
27-04-2020,Mizoram,146,1,
28-04-2020,Mizoram,158,1,
29-04-2020,Mizoram,179,1,
30-04-2020,Mizoram,180,1,
01-05-2020,Mizoram,180,1,
02-05-2020,Mizoram,183,1,
03-05-2020,Mizoram,183,1,
04-05-2020,Mizoram,183,1,
05-05-2020,Mizoram,188,1,
06-05-2020,Mizoram,195,1,
07-05-2020,Mizoram,197,1,
08-05-2020,Mizoram,199,1,
09-05-2020,Mizoram,201,1,
10-05-2020,Mizoram,201,1,
11-05-2020,Mizoram,206,1,
12-05-2020,Mizoram,224,1,
13-05-2020,Mizoram,224,1,
14-05-2020,Mizoram,273,1,
15-05-2020,Mizoram,273,1,
16-05-2020,Mizoram,282,1,
17-05-2020,Mizoram,282,1,
18-05-2020,Mizoram,301,1,
19-05-2020,Mizoram,313,1,
20-05-2020,Mizoram,315,1,
21-05-2020,Mizoram,320,1,
22-05-2020,Mizoram,324,1,
23-05-2020,Mizoram,336,1,
24-05-2020,Mizoram,342,1,
25-05-2020,Mizoram,359,1,
26-05-2020,Mizoram,438,1,
28-05-2020,Mizoram,516,1,
29-05-2020,Mizoram,529,1,
30-05-2020,Mizoram,686,1,
31-05-2020,Mizoram,777,1,
01-06-2020,Mizoram,896,1,
02-06-2020,Mizoram,1012,13,
03-06-2020,Mizoram,1095,14,
04-06-2020,Mizoram,1346,17,
05-06-2020,Mizoram,1687,22,
06-06-2020,Mizoram,1991,24,
07-06-2020,Mizoram,2252,34,
08-06-2020,Mizoram,2496,42,
09-06-2020,Mizoram,2747,88,
10-06-2020,Mizoram,2747,102,
11-06-2020,Mizoram,3152,104,
13-06-2020,Mizoram,3727,107,
14-06-2020,Mizoram,4327,112,
15-06-2020,Mizoram,4919,117,
16-06-2020,Mizoram,5524,121,
17-06-2020,Mizoram,6035,121,
18-06-2020,Mizoram,6661,130,
19-06-2020,Mizoram,7496,130,
20-06-2020,Mizoram,8284,140,
21-06-2020,Mizoram,8718,141,
22-06-2020,Mizoram,9277,142,
23-06-2020,Mizoram,9840,142,
24-06-2020,Mizoram,10486,145,
25-06-2020,Mizoram,11672,145,
26-06-2020,Mizoram,12753,147,
27-06-2020,Mizoram,12846,148,
28-06-2020,Mizoram,13012,156,
06-04-2020,Nagaland,60,0,47
10-04-2020,Nagaland,70,0,69
11-04-2020,Nagaland,70,0,70
12-04-2020,Nagaland,74,0,70
14-04-2020,Nagaland,174,0,97
15-04-2020,Nagaland,184,0,174
17-04-2020,Nagaland,274,0,222
18-04-2020,Nagaland,392,0,292
19-04-2020,Nagaland,404,0,345
20-04-2020,Nagaland,434,0,404
21-04-2020,Nagaland,537,0,456
22-04-2020,Nagaland,543,0,481
23-04-2020,Nagaland,607,0,543
25-04-2020,Nagaland,613,0,607
26-04-2020,Nagaland,613,0,613
27-04-2020,Nagaland,629,0,613
28-04-2020,Nagaland,639,0,620
29-04-2020,Nagaland,644,0,631
30-04-2020,Nagaland,653,0,640
01-05-2020,Nagaland,664,0,650
02-05-2020,Nagaland,674,0,661
03-05-2020,Nagaland,684,0,663
04-05-2020,Nagaland,708,0,679
05-05-2020,Nagaland,724,0,771
06-05-2020,Nagaland,763,0,712
07-05-2020,Nagaland,786,0,728
08-05-2020,Nagaland,805,0,775
09-05-2020,Nagaland,848,0,786
10-05-2020,Nagaland,862,0,806
11-05-2020,Nagaland,875,0,848
12-05-2020,Nagaland,882,0,872
13-05-2020,Nagaland,889,0,872
14-05-2020,Nagaland,891,0,873
15-05-2020,Nagaland,910,0,889
16-05-2020,Nagaland,917,0,891
17-05-2020,Nagaland,952,0,914
18-05-2020,Nagaland,961,0,914
19-05-2020,Nagaland,978,0,948
20-05-2020,Nagaland,985,0,952
21-05-2020,Nagaland,1001,0,978
22-05-2020,Nagaland,1035,0,1012
23-05-2020,Nagaland,1065,0,1015
24-05-2020,Nagaland,1097,0,1032
25-05-2020,Nagaland,1366,3,1078
26-05-2020,Nagaland,1366,4,1080
27-05-2020,Nagaland,1554,9,1224
28-05-2020,Nagaland,1765,18,1317
29-05-2020,Nagaland,1997,25,1409
30-05-2020,Nagaland,2210,36,1496
31-05-2020,Nagaland,2576,43,1596
01-06-2020,Nagaland,2870,43,1744
02-06-2020,Nagaland,3257,49,1836
03-06-2020,Nagaland,3414,58,2002
04-06-2020,Nagaland,3739,80,2151
05-06-2020,Nagaland,3974,94,2372
06-06-2020,Nagaland,4061,107,2614
07-06-2020,Nagaland,4371,118,2956
08-06-2020,Nagaland,4729,123,3176
09-06-2020,Nagaland,4896,127,3512
10-06-2020,Nagaland,5220,128,3867
11-06-2020,Nagaland,5667,130,4198
12-06-2020,Nagaland,6104,156,4593
13-06-2020,Nagaland,6466,163,4904
14-06-2020,Nagaland,6478,168,5155
15-06-2020,Nagaland,7132,177,5642
16-06-2020,Nagaland,7835,179,6232
17-06-2020,Nagaland,8387,193,
18-06-2020,Nagaland,9039,193,7567
19-06-2020,Nagaland,10102,198,8213
20-06-2020,Nagaland,9128,201, 
21-06-2020,Nagaland,9971,211,
22-06-2020,Nagaland,10599,280,
23-06-2020,Nagaland,11173,330,
24-06-2020,Nagaland,11867,347,
25-06-2020,Nagaland,12546,355,
26-06-2020,Nagaland,13085,371,
27-06-2020,Nagaland,14217,387,
28-06-2020,Nagaland,15240,415,
03-04-2020,Odisha,1395,20,1108
07-04-2020,Odisha,2441,42,
08-04-2020,Odisha,2441,42,2399
09-04-2020,Odisha,3249,48,3201
10-04-2020,Odisha,3547,50,3497
11-04-2020,Odisha,3551,51,3497
12-04-2020,Odisha,3862,54,3808
13-04-2020,Odisha,4170,54,4116
14-04-2020,Odisha,4734,56,4678
15-04-2020,Odisha,5537,60,5477
16-04-2020,Odisha,6734,60,6674
17-04-2020,Odisha,7577,60,7517
18-04-2020,Odisha,8619,60,8559
19-04-2020,Odisha,9690,61,9629
20-04-2020,Odisha,10641,68,
21-04-2020,Odisha,11748,79,
22-04-2020,Odisha,13775,83,
23-04-2020,Odisha,15984,89,
24-04-2020,Odisha,18458,94,
25-04-2020,Odisha,20599,94,
26-04-2020,Odisha,22816,103,
27-04-2020,Odisha,25103,111,
28-04-2020,Odisha,26687,118,
29-04-2020,Odisha,29108,122,
30-04-2020,Odisha,31696,142,
01-05-2020,Odisha,34133,149,
02-05-2020,Odisha,36593,157,
03-05-2020,Odisha,38658,162,
04-05-2020,Odisha,41128,169,
05-05-2020,Odisha,44663,170,
06-05-2020,Odisha,47454,185,
07-05-2020,Odisha,50514,209,
08-05-2020,Odisha,52974,271,
09-05-2020,Odisha,56322,294,
10-05-2020,Odisha,59780,362,
11-05-2020,Odisha,63478,414,
12-05-2020,Odisha,68057,437,
13-05-2020,Odisha,72756,538,
14-05-2020,Odisha,77150,611,
15-05-2020,Odisha,81919,672,
16-05-2020,Odisha,86140,737,
17-05-2020,Odisha,91223,828,
18-05-2020,Odisha,95766,876,
19-05-2020,Odisha,100302,978,
20-05-2020,Odisha,105914,1052,
21-05-2020,Odisha,108432,1103,
22-05-2020,Odisha,113437,1189,
23-05-2020,Odisha,118446,1269,
24-05-2020,Odisha,123834,1335,
25-05-2020,Odisha,127776,1438,
26-05-2020,Odisha,131595,1517,
27-05-2020,Odisha,136274,1593,
28-05-2020,Odisha,139311,1660,
29-05-2020,Odisha,143570,1723,
30-05-2020,Odisha,147490,1819,
31-05-2020,Odisha,152131,1948,
01-06-2020,Odisha,155690,2104,
02-06-2020,Odisha,159567,2245,
03-06-2020,Odisha,162891,2388,
04-06-2020,Odisha,165824,2478,
05-06-2020,Odisha,169010,2608,
06-06-2020,Odisha,172598,2781,
07-06-2020,Odisha,176098,2856,
08-06-2020,Odisha,179415,2994,
09-06-2020,Odisha,182384,3140,
10-06-2020,Odisha,185401,3250,
11-06-2020,Odisha,188743,3386,
12-06-2020,Odisha,192576,3477,
13-06-2020,Odisha,196456,3723,
14-06-2020,Odisha,200014,3909,
15-06-2020,Odisha,202513,4055,
16-06-2020,Odisha,205501,4163,
17-06-2020,Odisha,208472,4338,
18-06-2020,Odisha,212224,4512,
19-06-2020,Odisha,216607,4677,
20-06-2020,Odisha,219774,4856,
21-06-2020,Odisha,224402,5160,
22-06-2020,Odisha,227860,5303,
23-06-2020,Odisha,231356,5470,
24-06-2020,Odisha,235627,5752,
25-06-2020,Odisha,239815,5962,
26-06-2020,Odisha,244588,6180,
27-06-2020,Odisha,249902,6350,
28-06-2020,Odisha,255809,6614,
18-04-2020,Puducherry,1207,7,1159
19-04-2020,Puducherry,1245,7,1214
20-04-2020,Puducherry,1272,7,1232
21-04-2020,Puducherry,1319,7,1272
22-04-2020,Puducherry,1473,7,1354
23-04-2020,Puducherry,1548,7,1513
24-04-2020,Puducherry,1704,7,1657
25-04-2020,Puducherry,1864,8,1793
26-04-2020,Puducherry,1977,8,1902
27-04-2020,Puducherry,2014,8,1942
28-04-2020,Puducherry,2156,8,2099
29-04-2020,Puducherry,2228,8,2150
30-04-2020,Puducherry,2353,8,2292
01-05-2020,Puducherry,2698,9,2583
02-05-2020,Puducherry,2990,12,2902
03-05-2020,Puducherry,3155,12,3097
04-05-2020,Puducherry,3281,12,3220
05-05-2020,Puducherry,3560,12,3444
06-05-2020,Puducherry,3641,12,3554
07-05-2020,Puducherry,3866,13,3766
08-05-2020,Puducherry,4111,15,3866
09-05-2020,Puducherry,4266,16,4028
10-05-2020,Puducherry,4364,17,4273
11-05-2020,Puducherry,4486,17,4416
13-05-2020,Puducherry,4919,18,4832
14-05-2020,Puducherry,5112,18,4963
15-05-2020,Puducherry,5312,21,5162
16-05-2020,Puducherry,5484,22,5320
17-05-2020,Puducherry,5619,22,5501
18-05-2020,Puducherry,5754,22,5709
19-05-2020,Puducherry,5829,22,5762
20-05-2020,Puducherry,5960,24,5889
21-05-2020,Puducherry,6106,31,5995
22-05-2020,Puducherry,6233,32,6143
23-05-2020,Puducherry,6349,39,6254
24-05-2020,Puducherry,6536,45,6444
25-05-2020,Puducherry,6606,47,6537
26-05-2020,Puducherry,6677,52,6593
27-05-2020,Puducherry,6808,60,6711
28-05-2020,Puducherry,6917,61,6286
29-05-2020,Puducherry,7043,65,6910
30-05-2020,Puducherry,7164,71,7004
31-05-2020,Puducherry,7255,81,7116
01-06-2020,Puducherry,7354,81,7198
02-06-2020,Puducherry,7444,91,7339
03-06-2020,Puducherry,7576,98,7447
04-06-2020,Puducherry,7794,109,7647
05-06-2020,Puducherry,7963,115,7791
06-06-2020,Puducherry,8118,118,7968
07-06-2020,Puducherry,8274,130,8112
08-06-2020,Puducherry,8472,139,8293
09-06-2020,Puducherry,8752,143,8548
10-06-2020,Puducherry,8954,156,8712
11-06-2020,Puducherry,9250,168,8979
12-06-2020,Puducherry,9658,175,9351
13-06-2020,Puducherry,10008,193,9636
14-06-2020,Puducherry,10321,206,9872
15-06-2020,Puducherry,10486,214,10231
16-06-2020,Puducherry,10929,233,10511
17-06-2020,Puducherry,11356,257,10920
18-06-2020,Puducherry,11679,285,11230
19-06-2020,Puducherry,11992,301,11486
20-06-2020,Puducherry,12409,353,11866
21-06-2020,Puducherry,12781,389,12233
22-06-2020,Puducherry,13037,407,12526
23-06-2020,Puducherry,13435,426,12835
24-06-2020,Puducherry,13861,489,13171
25-06-2020,Puducherry,14267,532,13474
26-06-2020,Puducherry,14689,565,13908
27-06-2020,Puducherry,15225,654,14380
28-06-2020,Puducherry,15892,682,14969
02-04-2020,Punjab,1434,37,
08-04-2020,Punjab,2937,106,2614
09-04-2020,Punjab,3192,130,2777
10-04-2020,Punjab,3461,151,2972
11-04-2020,Punjab,3909,158,3249
12-04-2020,Punjab,4281,170,3590
13-04-2020,Punjab,4480,176,3858
14-04-2020,Punjab,4844,184,4047
15-04-2020,Punjab,5193,186,4404
16-04-2020,Punjab,5524,197,4727
17-04-2020,Punjab,5988,211,5113
18-04-2020,Punjab,6167,234,5354
19-04-2020,Punjab,6607,244,5949
20-04-2020,Punjab,6797,245,6273
21-04-2020,Punjab,7355,251,6769
22-04-2020,Punjab,7887,257,7100
23-04-2020,Punjab,8757,283,7433
24-04-2020,Punjab,10611,298,8310
25-04-2020,Punjab,13270,308,9392
26-04-2020,Punjab,14317,322,10497
27-04-2020,Punjab,15516,330,12333
28-04-2020,Punjab,17021,342,13966
29-04-2020,Punjab,18670,375,15690
30-04-2020,Punjab,21205,480,17286
01-05-2020,Punjab,23176,585,18222
02-05-2020,Punjab,24868,772,19316
03-05-2020,Punjab,26439,1102,20197
04-05-2020,Punjab,28545,1232,21295
05-05-2020,Punjab,30199,1451,23352
06-05-2020,Punjab,32060,1526,24303
07-05-2020,Punjab,34701,1644,28933
08-05-2020,Punjab,37950,1731,31219
09-05-2020,Punjab,39462,1762,33639
10-05-2020,Punjab,40962,1823,35293
11-05-2020,Punjab,42306,1877,37993
12-05-2020,Punjab,43999,1914,39060
13-05-2020,Punjab,46026,1924,40637
14-05-2020,Punjab,47408,1935,42425
15-05-2020,Punjab,49301,1932,44319
16-05-2020,Punjab,50613,1946,46028
17-05-2020,Punjab,51812,1964,47484
18-05-2020,Punjab,52955,1980,48813
19-05-2020,Punjab,55634,2002,50070
20-05-2020,Punjab,57737,2005,51956
21-05-2020,Punjab,59618,2028,53871
22-05-2020,Punjab,62399,2029,55777
23-05-2020,Punjab,63567,2045,57899
24-05-2020,Punjab,66142,2060,60114
25-05-2020,Punjab,67213,2081,62686
26-05-2020,Punjab,69818,2106,64160
27-05-2020,Punjab,72468,2139,66417
28-05-2020,Punjab,72468,2158,67325
29-05-2020,Punjab,81021,2197,
30-05-2020,Punjab,84497,2233,
31-05-2020,Punjab,87852,2263,
01-06-2020,Punjab,91113,2301,
02-06-2020,Punjab,96329,2342,
03-06-2020,Punjab,101036,2376,
04-06-2020,Punjab,106933,2415,
05-06-2020,Punjab,113542,2461,
06-06-2020,Punjab,115974,2515,
07-06-2020,Punjab,124266,2608,
08-06-2020,Punjab,129821,2663,
09-06-2020,Punjab,136343,2719,
10-06-2020,Punjab,144467,2805,
11-06-2020,Punjab,154498,2887,
12-06-2020,Punjab,165548,2986,
13-06-2020,Punjab,176533,3063,
14-06-2020,Punjab,182225,3140,
15-06-2020,Punjab,188699,3267,
16-06-2020,Punjab,198211,3371,
17-06-2020,Punjab,208408,3497,
18-06-2020,Punjab,219528,3615,
19-06-2020,Punjab,227012,3832,
20-06-2020,Punjab,235700,3952,
21-06-2020,Punjab,240803,4074,
22-06-2020,Punjab,246760,4235,
23-06-2020,Punjab,255380,4397,
24-06-2020,Punjab,260857,4627,
25-06-2020,Punjab,269037,4769,
26-06-2020,Punjab,276919,4957,
27-06-2020,Punjab,284431,5056,
28-06-2020,Punjab,289923,5216,
05-04-2020,Rajasthan,12279,260,11439
07-04-2020,Rajasthan,17638,363,16401
08-04-2020,Rajasthan,17638,363,16401
09-04-2020,Rajasthan,19107,463,17851
10-04-2020,Rajasthan,22349,561,20698
11-04-2020,Rajasthan,24857,678,22583
12-04-2020,Rajasthan,28505,796,25105
13-04-2020,Rajasthan,31804,847,28657
14-04-2020,Rajasthan,34928,1005,29376
15-04-2020,Rajasthan,37860,1076,31902
16-04-2020,Rajasthan,40778,1101,33739
17-04-2020,Rajasthan,42847,1229,36153
18-04-2020,Rajasthan,47197,1282,39092
19-04-2020,Rajasthan,51614,1478,43537
20-04-2020,Rajasthan,57290,1576,47657
21-04-2020,Rajasthan,61492,1735,54100
22-04-2020,Rajasthan,66257,1888,58552
23-04-2020,Rajasthan,69764,1964,63485
24-04-2020,Rajasthan,74484,2034,68133
25-04-2020,Rajasthan,78993,2083,71806
26-04-2020,Rajasthan,82942,2185,75670
27-04-2020,Rajasthan,87777,2262,80830
28-04-2020,Rajasthan,92506,2364,85834
29-04-2020,Rajasthan,97790,2438,90108
30-04-2020,Rajasthan,103704,2584,
01-05-2020,Rajasthan,108543,2666,100277
02-05-2020,Rajasthan,113934,2720,104705
03-05-2020,Rajasthan,120240,2886,112345
04-05-2020,Rajasthan,129258,3061,122513
05-05-2020,Rajasthan,134987,3158,128297
06-05-2020,Rajasthan,139580,3317,134172
07-05-2020,Rajasthan,145510,3427,139830
08-05-2020,Rajasthan,152245,3579,146198
09-05-2020,Rajasthan,159157,3708,152296
10-05-2020,Rajasthan,166424,3814,158830
11-05-2020,Rajasthan,176130,3988,168546
12-05-2020,Rajasthan,185610,4126,
13-05-2020,Rajasthan,194683,4328,186125
14-05-2020,Rajasthan,204243,4534,197269
15-05-2020,Rajasthan,212317,4747,203770
16-05-2020,Rajasthan,221439,4960,213395
17-05-2020,Rajasthan,231946,5202,221764
18-05-2020,Rajasthan,243476,5375,234165
19-05-2020,Rajasthan,254533,5845,244955
20-05-2020,Rajasthan,265555,6015,254128
21-05-2020,Rajasthan,275974,6227,266687
22-05-2020,Rajasthan,287164,6494,277744
23-05-2020,Rajasthan,303935,6657,292384
24-05-2020,Rajasthan,317067,7028,306209
25-05-2020,Rajasthan,327836,7300,318146
26-05-2020,Rajasthan,337159,7536,326368
27-05-2020,Rajasthan,350600,7816,338611
28-05-2020,Rajasthan,365556,8067,351861
29-05-2020,Rajasthan,379315,8365,365925
30-05-2020,Rajasthan,395490,8617,382315
31-05-2020,Rajasthan,409777,8831,396789
01-06-2020,Rajasthan,425184,9100,411965
02-06-2020,Rajasthan,440789,9373,428471
03-06-2020,Rajasthan,454788,9652,440850
04-06-2020,Rajasthan,467129,9862,451826
05-06-2020,Rajasthan,480910,10084,465349
06-06-2020,Rajasthan,494480,10337,478366
07-06-2020,Rajasthan,506784,10599,491233
08-06-2020,Rajasthan,518350,10876,503208
09-06-2020,Rajasthan,530031,11245,515872
10-06-2020,Rajasthan,543312,11600,527864
11-06-2020,Rajasthan,558064,11838,542256
12-06-2020,Rajasthan,571543,12068,556040
13-06-2020,Rajasthan,584954,12401,569314
14-06-2020,Rajasthan,598920,12694,583279
15-06-2020,Rajasthan,609296,12981,594991
16-06-2020,Rajasthan,622334,13216,606279
17-06-2020,Rajasthan,637937,13542,620217
18-06-2020,Rajasthan,654816,13857,636216
19-06-2020,Rajasthan,667643,14156,650510
20-06-2020,Rajasthan,683017,14537,664383
21-06-2020,Rajasthan,699126,14930,680233
22-06-2020,Rajasthan,709592,15232,691507
23-06-2020,Rajasthan,726077,15627,706363
24-06-2020,Rajasthan,740855,16009,721511
25-06-2020,Rajasthan,757137,16296,737395
26-06-2020,Rajasthan,770174,16660,750535
27-06-2020,Rajasthan,784803,16944,764966
28-06-2020,Rajasthan,800214,17271,780247
04-05-2020,Sikkim,170,16009,169
05-05-2020,Sikkim,181,0,171
06-05-2020,Sikkim,189,0,189
07-05-2020,Sikkim,216,0,207
08-05-2020,Sikkim,216,0,214
09-05-2020,Sikkim,219,0,219
10-05-2020,Sikkim,219,0,219
11-05-2020,Sikkim,219,0,219
12-05-2020,Sikkim,348,0,229
13-05-2020,Sikkim,439,0,268
14-05-2020,Sikkim,579,0,292
15-05-2020,Sikkim,348,0,229
16-05-2020,Sikkim,840,0,424
17-05-2020,Sikkim,947,0,449
18-05-2020,Sikkim,1087,0,536
19-05-2020,Sikkim,1204,0,827
20-05-2020,Sikkim,1342,0,955
22-05-2020,Sikkim,1637,0,1347
23-05-2020,Sikkim,1707,0,1398
24-05-2020,Sikkim,1855,1,1471
25-05-2020,Sikkim,2103,1,1508
26-05-2020,Sikkim,2255,1,1508
27-05-2020,Sikkim,2417,1,1665
28-05-2020,Sikkim,2626,1,1801
29-05-2020,Sikkim,2759,1,1880
30-05-2020,Sikkim,2829,1,2015
31-05-2020,Sikkim,2925,1,2173
01-06-2020,Sikkim,3525,1,2601
02-06-2020,Sikkim,3788,1,2857
03-06-2020,Sikkim,4102,2,3062
04-06-2020,Sikkim,4358,2,3894
05-06-2020,Sikkim,4761,3,4143
06-06-2020,Sikkim,5005,3,4273
08-06-2020,Sikkim,5547,6,4953
09-06-2020,Sikkim,5815,12,5508
10-06-2020,Sikkim,6161,12,5850
11-06-2020,Sikkim,6692,12,6063
12-06-2020,Sikkim,5157,26,4830
13-06-2020,Sikkim,5377,62,5029
14-06-2020,Sikkim,5664,67,5177
15-06-2020,Sikkim,5762,68,5521
16-06-2020,Sikkim,6192,68,5715
17-06-2020,Sikkim,6349,70,6004
19-06-2020,Sikkim,6882,70,6500
20-06-2020,Sikkim,7183,70,6932
21-06-2020,Sikkim,9354,70,8803
22-06-2020,Sikkim,9449,78,
23-06-2020,Sikkim,9594,79,
24-06-2020,Sikkim,9849,83,
25-06-2020,Sikkim,10025,85,
26-06-2020,Sikkim,10212,86,
27-06-2020,Sikkim,10219,87,
28-06-2020,Sikkim,10364,88,
03-04-2020,Tamil Nadu,3684,411,2789
08-04-2020,Tamil Nadu,5305,690,4414
09-04-2020,Tamil Nadu,7267,834,5824
10-04-2020,Tamil Nadu,8410,911,6838
11-04-2020,Tamil Nadu,9842,969,7779
12-04-2020,Tamil Nadu,10655,1075,
13-04-2020,Tamil Nadu,12746,1173,
14-04-2020,Tamil Nadu,19255,1204,13234
15-04-2020,Tamil Nadu,21994,1242,15210
16-04-2020,Tamil Nadu,26005,1267,18743
17-04-2020,Tamil Nadu,29673,1323,21628
18-04-2020,Tamil Nadu,35036,1372,27192
19-04-2020,Tamil Nadu,40876,1477,31853
20-04-2020,Tamil Nadu,46985,1520,38082
21-04-2020,Tamil Nadu,53045,1596,43582
22-04-2020,Tamil Nadu,59023,1629,49506
23-04-2020,Tamil Nadu,65977,1683,56836
24-04-2020,Tamil Nadu,72403,1755,62596
25-04-2020,Tamil Nadu,80110,1821,69390
26-04-2020,Tamil Nadu,87605,1885,77133
27-04-2020,Tamil Nadu,94781,1937,83021
28-04-2020,Tamil Nadu,101874,2058,97908
29-04-2020,Tamil Nadu,109961,2162,105864
30-04-2020,Tamil Nadu,119748,2323,115761
01-05-2020,Tamil Nadu,129363,2526,124852
02-05-2020,Tamil Nadu,139490,2757,135698
03-05-2020,Tamil Nadu,150107,3023,145520
04-05-2020,Tamil Nadu,162970,3550,158558
05-05-2020,Tamil Nadu,174828,4058,170174
06-05-2020,Tamil Nadu,188241,4829,182541
07-05-2020,Tamil Nadu,202436,5409,195831
08-05-2020,Tamil Nadu,216416,6009,209495
09-05-2020,Tamil Nadu,229670,6535,222576
10-05-2020,Tamil Nadu,243037,7204,235157
11-05-2020,Tamil Nadu,254899,8002,245562
12-05-2020,Tamil Nadu,266687,8718,256720
13-05-2020,Tamil Nadu,279467,9227,269758
14-05-2020,Tamil Nadu,291432,9674,281001
15-05-2020,Tamil Nadu,303104,10108,292045
16-05-2020,Tamil Nadu,313639,10585,302523
17-05-2020,Tamil Nadu,326720,11224,315019
18-05-2020,Tamil Nadu,337841,11760,325546
19-05-2020,Tamil Nadu,348174,12448,334839
20-05-2020,Tamil Nadu,360068,13191,346311
21-05-2020,Tamil Nadu,372532,13967,357898
22-05-2020,Tamil Nadu,385185,14735,369929
23-05-2020,Tamil Nadu,397340,15512,381216
24-05-2020,Tamil Nadu,409615,16277,392690
25-05-2020,Tamil Nadu,421450,17082,403762
26-05-2020,Tamil Nadu,431739,17728,413455
27-05-2020,Tamil Nadu,442970,18545,423775
28-05-2020,Tamil Nadu,455216,19372,435279
29-05-2020,Tamil Nadu,466550,20246,445668
30-05-2020,Tamil Nadu,479155,21184,457405
31-05-2020,Tamil Nadu,491962,22333,468940
01-06-2020,Tamil Nadu,503339,23495,479208
02-06-2020,Tamil Nadu,514433,24586,489258
03-06-2020,Tamil Nadu,528534,25872,502173
04-06-2020,Tamil Nadu,544981,27256,517137
05-06-2020,Tamil Nadu,560673,28694,535254
06-06-2020,Tamil Nadu,576695,30152,545896
07-06-2020,Tamil Nadu,592970,31667,560890
08-06-2020,Tamil Nadu,607952,33229,574209
09-06-2020,Tamil Nadu,621171,34914,585678
10-06-2020,Tamil Nadu,638846,36841,601363
11-06-2020,Tamil Nadu,655675,38716,616395
12-06-2020,Tamil Nadu,673906,40698,632656
13-06-2020,Tamil Nadu,691817,42687,648545
14-06-2020,Tamil Nadu,710599,44661,665401
15-06-2020,Tamil Nadu,729002,46504,681961
16-06-2020,Tamil Nadu,748244,48019,699645
17-06-2020,Tamil Nadu,773707,50193,722830
18-06-2020,Tamil Nadu,800443,52334,747428
19-06-2020,Tamil Nadu,827980,54449,772937
20-06-2020,Tamil Nadu,861211,56845,803824
21-06-2020,Tamil Nadu,892612,59377,832720
22-06-2020,Tamil Nadu,919204,62087,856475
23-06-2020,Tamil Nadu,944352,64603,879176
24-06-2020,Tamil Nadu,976431,67468,908292
25-06-2020,Tamil Nadu,1008974,70977,937412
26-06-2020,Tamil Nadu,1042649,74622,967356
27-06-2020,Tamil Nadu,1077454,78335,998543
28-06-2020,Tamil Nadu,1110402,82275,1028127
19-04-2020,Telangana,14962,858,14104
28-04-2020,Telangana,19063,1009,
29-04-2020,Telangana,19278,1016,
16-05-2020,Telangana,23388,1551,
16-06-2020,Telangana,44431,5406,39025
17-06-2020,Telangana,45911,5675,40236
19-06-2020,Telangana,50569,6526,44043
20-06-2020,Telangana,53757,7072,46685
21-06-2020,Telangana,57054,7802,49252
22-06-2020,Telangana,60243,8674,51569
23-06-2020,Telangana,63249,9553,53696
24-06-2020,Telangana,67318,10444,56874
25-06-2020,Telangana,70934,11364,59570
26-06-2020,Telangana,75308,12349,62959
27-06-2020,Telangana,79231,13436,65795
28-06-2020,Telangana,82458,14419,68039
11-04-2020,Tripura,337,2,335
15-04-2020,Tripura,738,2,
16-04-2020,Tripura,762,2,760
21-04-2020,Tripura,2604,2,2602
22-04-2020,Tripura,3215,2,3123
01-05-2020,Tripura,4828,3,4825
02-05-2020,Tripura,4955,5,4950
03-05-2020,Tripura,5162,5,5157
04-05-2020,Tripura,5394,17,5377
05-05-2020,Tripura,5850,30,5820
06-05-2020,Tripura,6228,43,6185
07-05-2020,Tripura,6917,89,6828
08-05-2020,Tripura,7448,89,7359
09-05-2020,Tripura,8340,119,8221
10-05-2020,Tripura,9091,136,8955
11-05-2020,Tripura,9596,154,9442
12-05-2020,Tripura,10344,155,10189
13-05-2020,Tripura,11146,155,10991
14-05-2020,Tripura,11804,156,11648
15-05-2020,Tripura,12561,156,12405
16-05-2020,Tripura,13178,167,13011
17-05-2020,Tripura,13750,167,13583
18-05-2020,Tripura,14286,167,14119
19-05-2020,Tripura,15083,169,14914
20-05-2020,Tripura,15822,173,15694
21-05-2020,Tripura,16873,173,16610
22-05-2020,Tripura,17721,175,17546
23-05-2020,Tripura,18737,191,18546
24-05-2020,Tripura,19278,191,19537
25-05-2020,Tripura,20871,198,20637
26-05-2020,Tripura,22049,209,21840
27-05-2020,Tripura,23264,232,23032
28-05-2020,Tripura,24126,242,23884
29-05-2020,Tripura,25403,244,25159
30-05-2020,Tripura,26376,271,26105
31-05-2020,Tripura,27475,316,27159
01-06-2020,Tripura,28360,423,27937
02-06-2020,Tripura,29066,471,28595
03-06-2020,Tripura,30481,622,29859
04-06-2020,Tripura,31138,646,30492
05-06-2020,Tripura,32300,694,31606
06-06-2020,Tripura,33331,749,32582
07-06-2020,Tripura,35263,802,34461
08-06-2020,Tripura,37453,840,36613
09-06-2020,Tripura,38572,866,37706
10-06-2020,Tripura,40027,897,39130
11-06-2020,Tripura,41389,915,40474
12-06-2020,Tripura,40837,960,39877
13-06-2020,Tripura,43972,1042,42930
14-06-2020,Tripura,46015,1075,44940
15-06-2020,Tripura,47683,1084,46599
16-06-2020,Tripura,49208,1090,48118
17-06-2020,Tripura,50268,1133,49135
18-06-2020,Tripura,51495,1154,50341
19-06-2020,Tripura,52752,1181,51571
20-06-2020,Tripura,53905,1189,52716
21-06-2020,Tripura,54983,1224,53759
22-06-2020,Tripura,56035,1240,54795
23-06-2020,Tripura,56901,1263,55638
24-06-2020,Tripura,57753,1263,56490
25-06-2020,Tripura,59025,1295,57730
26-06-2020,Tripura,60199,1330,58869
27-06-2020,Tripura,61194,1339,59855
28-06-2020,Tripura,62278,1351,60927
05-04-2020,Uttar Pradesh,5255,278,4796
05-04-2020,Uttar Pradesh,5255,278,4796
09-04-2020,Uttar Pradesh,8402,410,7898
10-04-2020,Uttar Pradesh,9332,433,8798
11-04-2020,Uttar Pradesh,10595,452,10012
12-04-2020,Uttar Pradesh,11855,483,11250
13-04-2020,Uttar Pradesh,13287,558,12542
14-04-2020,Uttar Pradesh,15914,660,15134
15-04-2020,Uttar Pradesh,19506,727,18595
16-04-2020,Uttar Pradesh,21384,805,20374
17-04-2020,Uttar Pradesh,24643,849,23648
18-04-2020,Uttar Pradesh,28484,974,27262
19-04-2020,Uttar Pradesh,31767,1100,
20-04-2020,Uttar Pradesh,34326,1184,32874
21-04-2020,Uttar Pradesh,37933,1337,36378
22-04-2020,Uttar Pradesh,42192,1449,40263
23-04-2020,Uttar Pradesh,45483,1510,43495
24-04-2020,Uttar Pradesh,53166,1621,51161
25-04-2020,Uttar Pradesh,56851,1793,54216
26-04-2020,Uttar Pradesh,61799,1873,58492
27-04-2020,Uttar Pradesh,67145,1896,64139
28-04-2020,Uttar Pradesh,70307,2053,67266
29-04-2020,Uttar Pradesh,73716,2134,70436
30-04-2020,Uttar Pradesh,78013,2211,74864
01-05-2020,Uttar Pradesh,82459,2328,79091
02-05-2020,Uttar Pradesh,85729,2487,82356
03-05-2020,Uttar Pradesh,95841,2645,91828
04-05-2020,Uttar Pradesh,98300,2766,94682
05-05-2020,Uttar Pradesh,105234,2880,101389
06-05-2020,Uttar Pradesh,109888,2998,106043
07-05-2020,Uttar Pradesh,113670,3071,109628
08-05-2020,Uttar Pradesh,119688,3214,115646
09-05-2020,Uttar Pradesh,124791,3373,120764
10-05-2020,Uttar Pradesh,129955,3467,125696
11-05-2020,Uttar Pradesh,135760,3573,131293
12-05-2020,Uttar Pradesh,140166,3664,135754
13-05-2020,Uttar Pradesh,145637,3578,141068
14-05-2020,Uttar Pradesh,153139,3902,147755
15-05-2020,Uttar Pradesh,159282,4057,153588
16-05-2020,Uttar Pradesh,163105,4258,157001
17-05-2020,Uttar Pradesh,172219,4464,165832
18-05-2020,Uttar Pradesh,176479,4605,170132
19-05-2020,Uttar Pradesh,182184,4926,175412
20-05-2020,Uttar Pradesh,191164,5175,184209
21-05-2020,Uttar Pradesh,206811,5515,199469
22-05-2020,Uttar Pradesh,214060,5735,207079
23-05-2020,Uttar Pradesh,217867,6017,210864
24-05-2020,Uttar Pradesh,229621,6268,222341
25-05-2020,Uttar Pradesh,235622,6497,228173
26-05-2020,Uttar Pradesh,240588,6724,232290
27-05-2020,Uttar Pradesh,240588,6991,239592
28-05-2020,Uttar Pradesh,256267,7170,247747
29-05-2020,Uttar Pradesh,270920,7445,261911
30-05-2020,Uttar Pradesh,279288,7701,270160
31-05-2020,Uttar Pradesh,289892,8075,279569
01-06-2020,Uttar Pradesh,297903,8361,287806
02-06-2020,Uttar Pradesh,307621,8729,296705
03-06-2020,Uttar Pradesh,317780,8870,306672
04-06-2020,Uttar Pradesh,330663,9237,318562
05-06-2020,Uttar Pradesh,344717,9733,332126
06-06-2020,Uttar Pradesh,355085,10103,342360
07-06-2020,Uttar Pradesh,360258,10536,346684
08-06-2020,Uttar Pradesh,380723,10947,366630
09-06-2020,Uttar Pradesh,391286,11335,377667
10-06-2020,Uttar Pradesh,404637,11610,390841
11-06-2020,Uttar Pradesh,420669,12088,405442
12-06-2020,Uttar Pradesh,435601,12619,421499
13-06-2020,Uttar Pradesh,449616,13118,433754
14-06-2020,Uttar Pradesh,467702,13615,442598
15-06-2020,Uttar Pradesh,466081,14091,
16-06-2020,Uttar Pradesh,480047,14598,
17-06-2020,Uttar Pradesh,496206,15181,
18-06-2020,Uttar Pradesh,515280,15785,
19-06-2020,Uttar Pradesh,532505,16594,
20-06-2020,Uttar Pradesh,542972,17135,
21-06-2020,Uttar Pradesh,560697,17731,
22-06-2020,Uttar Pradesh,574304,18322,
23-06-2020,Uttar Pradesh,588186,18893,
24-06-2020,Uttar Pradesh,603390,19557,
25-06-2020,Uttar Pradesh,620954,20193,
26-06-2020,Uttar Pradesh,642833,20943,
27-06-2020,Uttar Pradesh,663096,21549,
28-06-2020,Uttar Pradesh,684296,22147,
02-04-2020,Uttarakhand,678,7,554
07-04-2020,Uttarakhand,1289,32,1092
09-04-2020,Uttarakhand,1531,35,1235
10-04-2020,Uttarakhand,1688,35,1320
11-04-2020,Uttarakhand,1705,35,1340
12-04-2020,Uttarakhand,1820,35,1452
13-04-2020,Uttarakhand,1998,35,1665
14-04-2020,Uttarakhand,2174,35,1838
15-04-2020,Uttarakhand,2413,37,2022
16-04-2020,Uttarakhand,2593,37,2210
17-04-2020,Uttarakhand,2831,40,2420
18-04-2020,Uttarakhand,3158,42,2710
19-04-2020,Uttarakhand,3344,44,3046
20-04-2020,Uttarakhand,3677,46,3228
21-04-2020,Uttarakhand,4061,46,3445
22-04-2020,Uttarakhand,4275,46,3664
23-04-2020,Uttarakhand,4473,47,3879
24-04-2020,Uttarakhand,4767,48,4239
25-04-2020,Uttarakhand,5194,48,4423
26-04-2020,Uttarakhand,5277,50,4675
27-04-2020,Uttarakhand,5463,51,4912
28-04-2020,Uttarakhand,5739,52,5212
29-04-2020,Uttarakhand,6046,54,5547
30-04-2020,Uttarakhand,6565,57,6100
01-05-2020,Uttarakhand,7042,57,6533
02-05-2020,Uttarakhand,7369,59,6786
03-05-2020,Uttarakhand,7578,60,6986
04-05-2020,Uttarakhand,7806,60,7134
05-05-2020,Uttarakhand,8060,61,7357
06-05-2020,Uttarakhand,8346,61,7698
07-05-2020,Uttarakhand,8783,61,8138
08-05-2020,Uttarakhand,9116,61,8485
09-05-2020,Uttarakhand,9386,67,8659
10-05-2020,Uttarakhand,9668,68,8990
11-05-2020,Uttarakhand,9915,68,9151
12-05-2020,Uttarakhand,10471,68,9390
13-05-2020,Uttarakhand,10792,70,9750
14-05-2020,Uttarakhand,11294,75,10157
15-05-2020,Uttarakhand,12045,79,10523
16-05-2020,Uttarakhand,12597,88,10990
17-05-2020,Uttarakhand,13212,92,11316
18-05-2020,Uttarakhand,13870,93,11812
19-05-2020,Uttarakhand,14691,104,12242
20-05-2020,Uttarakhand,15503,120,12945
21-05-2020,Uttarakhand,16528,132,13808
22-05-2020,Uttarakhand,18008,151,14960
23-05-2020,Uttarakhand,19248,173,15757
24-05-2020,Uttarakhand,20969,293,16640
25-05-2020,Uttarakhand,22117,332,17315
26-05-2020,Uttarakhand,23076,400,18193
27-05-2020,Uttarakhand,23975,438,18645
28-05-2020,Uttarakhand,25380,493,19702
29-05-2020,Uttarakhand,26951,602,20636
30-05-2020,Uttarakhand,28433,727,21512
31-05-2020,Uttarakhand,30438,802,22546
01-06-2020,Uttarakhand,31703,929,23400
02-06-2020,Uttarakhand,33081,999,24262
03-06-2020,Uttarakhand,34413,1066,25385
04-06-2020,Uttarakhand,35117,1145,26093
05-06-2020,Uttarakhand,35967,1215,27184
06-06-2020,Uttarakhand,36638,1245,28172
07-06-2020,Uttarakhand,37166,1341,28945
08-06-2020,Uttarakhand,39133,1380,30620
09-06-2020,Uttarakhand,40264,1488,31945
10-06-2020,Uttarakhand,40872,1560,33369
11-06-2020,Uttarakhand,41888,1637,34604
12-06-2020,Uttarakhand,42783,1692,35670
13-06-2020,Uttarakhand,44040,1759,36834
14-06-2020,Uttarakhand,45344,1816,37554
15-06-2020,Uttarakhand,46573,1836,38643
16-06-2020,Uttarakhand,47870,1912,39552
17-06-2020,Uttarakhand,49462,1985,40434
18-06-2020,Uttarakhand,50796,2079,42008
19-06-2020,Uttarakhand,53155,2127,43438
20-06-2020,Uttarakhand,54512,2278,45131
21-06-2020,Uttarakhand,55819,2324,46286
22-06-2020,Uttarakhand,56724,2401,47852
23-06-2020,Uttarakhand,58338,2505,49478
24-06-2020,Uttarakhand,59616,2568,50950
25-06-2020,Uttarakhand,61165,2642,52289
26-06-2020,Uttarakhand,62500,2725,54007
27-06-2020,Uttarakhand,63960,2791,54918
28-06-2020,Uttarakhand,64984,2823,55892
01-04-2020,West Bengal,659,37,568
04-04-2020,West Bengal,1042,,
06-04-2020,West Bengal,1301,,
07-04-2020,West Bengal,1487,,
09-04-2020,West Bengal,1889,,
10-04-2020,West Bengal,2095,,
11-04-2020,West Bengal,2286,126,
12-04-2020,West Bengal,2523,134,
13-04-2020,West Bengal,2793,152,
14-04-2020,West Bengal,3081,190,
15-04-2020,West Bengal,3470,213,
16-04-2020,West Bengal,3811,231,
17-04-2020,West Bengal,4212,255,
18-04-2020,West Bengal,4630,287,
19-04-2020,West Bengal,5045,310,
20-04-2020,West Bengal,5469,339,
21-04-2020,West Bengal,6182,392,
22-04-2020,West Bengal,7037,423,
23-04-2020,West Bengal,7990,456,
24-04-2020,West Bengal,8933,514,
25-04-2020,West Bengal,9880,571,
26-04-2020,West Bengal,10893,611,
27-04-2020,West Bengal,12043,649,
28-04-2020,West Bengal,13223,697,
29-04-2020,West Bengal,14620,725,
30-04-2020,West Bengal,16525,758,
01-05-2020,West Bengal,18566,,
02-05-2020,West Bengal,20976,795,
03-05-2020,West Bengal,22915,922,
04-05-2020,West Bengal,25116,1259,
05-05-2020,West Bengal,27571,1344,
06-05-2020,West Bengal,30141,1456,
07-05-2020,West Bengal,32752,1548,
08-05-2020,West Bengal,35767,1678,
09-05-2020,West Bengal,39368,1786,
10-05-2020,West Bengal,43414,1939,
11-05-2020,West Bengal,47615,2063,
12-05-2020,West Bengal,52622,2173,
13-05-2020,West Bengal,57632,2290,
14-05-2020,West Bengal,62837,2377,
15-05-2020,West Bengal,69543,2461,
16-05-2020,West Bengal,77288,2576,
17-05-2020,West Bengal,85956,2677,
18-05-2020,West Bengal,93570,2825,
19-05-2020,West Bengal,102282,2961,
20-05-2020,West Bengal,111002,3103,
21-05-2020,West Bengal,115244,3197,
22-05-2020,West Bengal,120599,3332,
23-05-2020,West Bengal,129608,3459,
24-05-2020,West Bengal,138824,3667,
25-05-2020,West Bengal,148049,3816,
26-05-2020,West Bengal,157277,4009,
27-05-2020,West Bengal,166513,4192,
28-05-2020,West Bengal,175769,4536,
29-05-2020,West Bengal,185051,4813,
30-05-2020,West Bengal,194397,5130,
31-05-2020,West Bengal,203751,5501,
01-06-2020,West Bengal,213231,5772,
02-06-2020,West Bengal,222726,6168,
03-06-2020,West Bengal,232225,6508,
04-06-2020,West Bengal,241831,6876,
05-06-2020,West Bengal,251517,7303,
06-06-2020,West Bengal,261288,7738,
07-06-2020,West Bengal,271074,8187,
08-06-2020,West Bengal,280098,8613,
09-06-2020,West Bengal,287900,8985,
10-06-2020,West Bengal,297419,9328,
11-06-2020,West Bengal,306941,9768,
12-06-2020,West Bengal,315699,10244,
13-06-2020,West Bengal,324707,10698,
14-06-2020,West Bengal,333733,11087,
15-06-2020,West Bengal,343242,11494,
16-06-2020,West Bengal,351754,11909,
17-06-2020,West Bengal,360976,12300,
18-06-2020,West Bengal,370291,12735,
19-06-2020,West Bengal,380612,13090,
20-06-2020,West Bengal,390942,13531,
21-06-2020,West Bengal,401491,13945,
22-06-2020,West Bengal,410854,14358,
23-06-2020,West Bengal,420277,14728,
24-06-2020,West Bengal,429766,15173,
25-06-2020,West Bengal,439258,15648,
26-06-2020,West Bengal,448795,16190,
27-06-2020,West Bengal,458343,16711,
28-06-2020,West Bengal,468906,17283,
